
=== New Trading bot strategies (reusing their real strategy classes) ===
  crypto_momentum/BTC/USD: 2710 trades
  crypto_mean_rev/BTC/USD: 108 trades
  breakout_crypto/BTC/USD: 149 trades
  crypto_momentum/ETH/USD: 2911 trades
  crypto_mean_rev/ETH/USD: 67 trades
  breakout_crypto/ETH/USD: 153 trades
  crypto_momentum/SOL/USD: 2289 trades
  crypto_mean_rev/SOL/USD: 54 trades
  breakout_crypto/SOL/USD: 120 trades
  crypto_momentum/AVAX/USD: 2217 trades
  crypto_mean_rev/AVAX/USD: 77 trades
  breakout_crypto/AVAX/USD: 97 trades
  crypto_momentum/LINK/USD: 2933 trades
  crypto_mean_rev/LINK/USD: 87 trades
  breakout_crypto/LINK/USD: 138 trades
  bb_vwap_reversion_ldo/LDO-USD: 460 trades
  ema_cross_bat/BAT/USD: 349 trades
  equity_swing/QQQ: 4 trades
  equity_swing/SPY: 0 trades
  equity_swing/AAPL: 10 trades
  equity_swing/NVDA: 19 trades
  equity_swing/META: 7 trades
  equity_swing/MSFT: 4 trades
  equity_swing/AMD: 25 trades
  equity_swing/TSLA: 18 trades
  equity_swing/GLD: 4 trades
  equity_swing/XLK: 1 trades
  equity_swing/XLE: 3 trades
  breakout_equity/NKE: 424 trades
  breakout_equity/CSCO: 417 trades
  breakout_equity/NFLX: 488 trades
  breakout_equity/WFC: 444 trades

=== Kargan2 (Breakout Hunter + MTF v2) ===
  1238 trades total (breakout + mtf)

=== Fetching mark-to-market price series ===
2026-08-02 20:29:50 [debug    ] kelly.fraction                 b=1.0 capped=0.0 f_half=0.0 losses=0 p=0.5 wins=0
2026-08-02 20:29:50 [debug    ] kelly.fraction                 b=73.184 capped=0.15 f_half=0.1621 losses=1 p=0.3333 wins=0
2026-08-02 20:29:50 [debug    ] kelly.fraction                 b=15.9649 capped=0.15 f_half=0.2343 losses=1 p=0.5 wins=1
2026-08-02 20:29:50 [debug    ] kelly.fraction                 b=15.2284 capped=0.15 f_half=0.2869 losses=1 p=0.6 wins=2
2026-08-02 20:29:50 [debug    ] kelly.fraction                 b=15.2284 capped=0.15 f_half=0.2869 losses=1 p=0.6 wins=2
2026-08-02 20:29:50 [debug    ] kelly.fraction                 b=1.6994 capped=0.0462 f_half=0.0462 losses=3 p=0.4286 wins=2
2026-08-02 20:29:50 [debug    ] kelly.fraction                 b=1.2801 capped=0.0547 f_half=0.0547 losses=3 p=0.5 wins=3
2026-08-02 20:29:50 [debug    ] kelly.fraction                 b=0.9671 capped=0.048 f_half=0.048 losses=3 p=0.5556 wins=4
2026-08-02 20:29:50 [debug    ] kelly.fraction                 b=0.9671 capped=0.048 f_half=0.048 losses=3 p=0.5556 wins=4
2026-08-02 20:29:50 [debug    ] kelly.fraction                 b=0.9671 capped=0.048 f_half=0.048 losses=3 p=0.5556 wins=4
2026-08-02 20:29:50 [debug    ] kelly.fraction                 b=1.3908 capped=0.0 f_half=0.0 losses=6 p=0.4167 wins=4
2026-08-02 20:29:50 [debug    ] mc_gate.check                  n=10 p95=0.0753 p99=0.0921
2026-08-02 20:29:50 [debug    ] kelly.fraction                 b=1.1859 capped=0.0038 f_half=0.0038 losses=6 p=0.4615 wins=5
2026-08-02 20:29:50 [debug    ] mc_gate.check                  n=11 p95=0.0754 p99=0.0952
2026-08-02 20:29:50 [debug    ] kelly.fraction                 b=1.1859 capped=0.0038 f_half=0.0038 losses=6 p=0.4615 wins=5
2026-08-02 20:29:50 [debug    ] mc_gate.check                  n=11 p95=0.0737 p99=0.0961
2026-08-02 20:29:50 [debug    ] kelly.fraction                 b=0.8529 capped=0.0 f_half=0.0 losses=6 p=0.5333 wins=7
2026-08-02 20:29:50 [debug    ] mc_gate.check                  n=13 p95=0.0725 p99=0.0893
2026-08-02 20:29:50 [debug    ] kelly.fraction                 b=0.9129 capped=0.0416 f_half=0.0416 losses=6 p=0.5625 wins=8
2026-08-02 20:29:50 [debug    ] mc_gate.check                  n=14 p95=0.0654 p99=0.0947
2026-08-02 20:29:50 [debug    ] kelly.fraction                 b=0.8501 capped=0.0519 f_half=0.0519 losses=6 p=0.5882 wins=9
2026-08-02 20:29:50 [debug    ] mc_gate.check                  n=15 p95=0.0643 p99=0.0774
2026-08-02 20:29:50 [debug    ] kelly.fraction                 b=0.8501 capped=0.0519 f_half=0.0519 losses=6 p=0.5882 wins=9
2026-08-02 20:29:51 [debug    ] mc_gate.check                  n=15 p95=0.0607 p99=0.0819
2026-08-02 20:29:51 [debug    ] kelly.fraction                 b=0.9691 capped=0.0188 f_half=0.0188 losses=8 p=0.5263 wins=9
2026-08-02 20:29:51 [debug    ] mc_gate.check                  n=17 p95=0.0809 p99=0.1019
2026-08-02 20:29:51 [debug    ] kelly.fraction                 b=0.8738 capped=0.0175 f_half=0.0175 losses=8 p=0.55 wins=10
2026-08-02 20:29:51 [debug    ] mc_gate.check                  n=18 p95=0.0782 p99=0.0961
2026-08-02 20:29:51 [debug    ] kelly.fraction                 b=0.945 capped=0.01 f_half=0.01 losses=9 p=0.5238 wins=10
2026-08-02 20:29:51 [debug    ] mc_gate.check                  n=19 p95=0.0896 p99=0.1158
2026-08-02 20:29:51 [debug    ] kelly.fraction                 b=0.945 capped=0.01 f_half=0.01 losses=9 p=0.5238 wins=10
2026-08-02 20:29:51 [debug    ] mc_gate.check                  n=19 p95=0.0843 p99=0.1075
2026-08-02 20:29:51 [debug    ] kelly.fraction                 b=0.9582 capped=0.0113 f_half=0.0113 losses=10 p=0.5217 wins=11
2026-08-02 20:29:51 [debug    ] mc_gate.check                  n=21 p95=0.0898 p99=0.1076
2026-08-02 20:29:51 [debug    ] kelly.fraction                 b=1.0323 capped=0.0078 f_half=0.0078 losses=11 p=0.5 wins=11
2026-08-02 20:29:51 [debug    ] mc_gate.check                  n=22 p95=0.099 p99=0.1292
2026-08-02 20:29:51 [debug    ] kelly.fraction                 b=1.0937 capped=0.0023 f_half=0.0023 losses=12 p=0.48 wins=11
2026-08-02 20:29:51 [debug    ] mc_gate.check                  n=23 p95=0.1298 p99=0.1581
2026-08-02 20:29:51 [debug    ] kelly.fraction                 b=1.1821 capped=0.003 f_half=0.003 losses=13 p=0.4615 wins=11
2026-08-02 20:29:51 [debug    ] mc_gate.check                  n=24 p95=0.1355 p99=0.1624
2026-08-02 20:29:51 [debug    ] kelly.fraction                 b=1.2692 capped=0.0034 f_half=0.0034 losses=14 p=0.4444 wins=11
2026-08-02 20:29:52 [debug    ] mc_gate.check                  n=25 p95=0.1346 p99=0.1624
2026-08-02 20:29:52 [debug    ] kelly.fraction                 b=1.3562 capped=0.0036 f_half=0.0036 losses=15 p=0.4286 wins=11
2026-08-02 20:29:52 [debug    ] mc_gate.check                  n=26 p95=0.1419 p99=0.1662
2026-08-02 20:29:52 [debug    ] kelly.fraction                 b=1.3562 capped=0.0036 f_half=0.0036 losses=15 p=0.4286 wins=11
2026-08-02 20:29:52 [debug    ] mc_gate.check                  n=26 p95=0.1417 p99=0.1686
2026-08-02 20:29:52 [debug    ] kelly.fraction                 b=1.3191 capped=0.0019 f_half=0.0019 losses=16 p=0.4333 wins=12
2026-08-02 20:29:52 [debug    ] mc_gate.check                  n=28 p95=0.1575 p99=0.1954
2026-08-02 20:29:52 [info     ] mc_gate.halved                 new_size=0.0009 p95=15.8
2026-08-02 20:29:52 [debug    ] kelly.fraction                 b=1.2182 capped=0.0007 f_half=0.0007 losses=16 p=0.4516 wins=13
2026-08-02 20:29:52 [debug    ] mc_gate.check                  n=29 p95=0.1455 p99=0.1755
2026-08-02 20:29:52 [debug    ] kelly.fraction                 b=1.1323 capped=0.0 f_half=0.0 losses=16 p=0.4688 wins=14
2026-08-02 20:29:52 [debug    ] mc_gate.check                  n=30 p95=0.1477 p99=0.1738
2026-08-02 20:29:52 [debug    ] kelly.fraction                 b=1.1967 capped=0.0 f_half=0.0 losses=17 p=0.4545 wins=14
2026-08-02 20:29:52 [debug    ] mc_gate.check                  n=31 p95=0.1456 p99=0.1733
2026-08-02 20:29:52 [debug    ] kelly.fraction                 b=1.213 capped=0.0171 f_half=0.0171 losses=17 p=0.4706 wins=15
2026-08-02 20:29:52 [debug    ] mc_gate.check                  n=32 p95=0.1347 p99=0.1668
2026-08-02 20:29:52 [debug    ] kelly.fraction                 b=1.2659 capped=0.0142 f_half=0.0142 losses=18 p=0.4571 wins=15
2026-08-02 20:29:53 [debug    ] mc_gate.check                  n=33 p95=0.1362 p99=0.1758
2026-08-02 20:29:53 [debug    ] kelly.fraction                 b=1.2659 capped=0.0142 f_half=0.0142 losses=18 p=0.4571 wins=15
2026-08-02 20:29:53 [debug    ] mc_gate.check                  n=33 p95=0.1378 p99=0.1714
2026-08-02 20:29:53 [debug    ] kelly.fraction                 b=1.3464 capped=0.0054 f_half=0.0054 losses=20 p=0.4324 wins=15
2026-08-02 20:29:53 [debug    ] mc_gate.check                  n=35 p95=0.1571 p99=0.196
2026-08-02 20:29:53 [info     ] mc_gate.halved                 new_size=0.0027 p95=15.7
2026-08-02 20:29:53 [debug    ] kelly.fraction                 b=1.4134 capped=0.0057 f_half=0.0057 losses=21 p=0.4211 wins=15
2026-08-02 20:29:53 [debug    ] mc_gate.check                  n=36 p95=0.1585 p99=0.1969
2026-08-02 20:29:53 [info     ] mc_gate.halved                 new_size=0.0029 p95=15.9
2026-08-02 20:29:53 [debug    ] kelly.fraction                 b=1.4134 capped=0.0057 f_half=0.0057 losses=21 p=0.4211 wins=15
2026-08-02 20:29:53 [debug    ] mc_gate.check                  n=36 p95=0.1514 p99=0.1865
2026-08-02 20:29:53 [info     ] mc_gate.halved                 new_size=0.0029 p95=15.1
2026-08-02 20:29:53 [debug    ] kelly.fraction                 b=1.3873 capped=0.0053 f_half=0.0053 losses=22 p=0.425 wins=16
2026-08-02 20:29:53 [debug    ] mc_gate.check                  n=38 p95=0.1654 p99=0.1939
2026-08-02 20:29:53 [info     ] mc_gate.halved                 new_size=0.0026 p95=16.5
2026-08-02 20:29:53 [debug    ] kelly.fraction                 b=1.312 capped=0.0057 f_half=0.0057 losses=22 p=0.439 wins=17
2026-08-02 20:29:53 [debug    ] mc_gate.check                  n=39 p95=0.1519 p99=0.18
2026-08-02 20:29:53 [info     ] mc_gate.halved                 new_size=0.0029 p95=15.2
2026-08-02 20:29:53 [debug    ] kelly.fraction                 b=1.3664 capped=0.0052 f_half=0.0052 losses=23 p=0.4286 wins=17
2026-08-02 20:29:53 [debug    ] mc_gate.check                  n=40 p95=0.1684 p99=0.1972
2026-08-02 20:29:53 [info     ] mc_gate.halved                 new_size=0.0026 p95=16.8
2026-08-02 20:29:53 [debug    ] kelly.fraction                 b=1.2934 capped=0.0052 f_half=0.0052 losses=23 p=0.4419 wins=18
2026-08-02 20:29:53 [debug    ] mc_gate.check                  n=41 p95=0.1623 p99=0.1866
2026-08-02 20:29:53 [info     ] mc_gate.halved                 new_size=0.0026 p95=16.2
2026-08-02 20:29:53 [debug    ] kelly.fraction                 b=1.2934 capped=0.0052 f_half=0.0052 losses=23 p=0.4419 wins=18
2026-08-02 20:29:54 [debug    ] mc_gate.check                  n=41 p95=0.1596 p99=0.2003
2026-08-02 20:29:54 [info     ] mc_gate.halved                 new_size=0.0026 p95=16.0
2026-08-02 20:29:54 [debug    ] kelly.fraction                 b=1.18 capped=0.0074 f_half=0.0074 losses=23 p=0.4667 wins=20
2026-08-02 20:29:54 [debug    ] mc_gate.check                  n=43 p95=0.1444 p99=0.1855
2026-08-02 20:29:54 [debug    ] kelly.fraction                 b=1.1927 capped=0.0004 f_half=0.0004 losses=24 p=0.4565 wins=20
2026-08-02 20:29:54 [debug    ] mc_gate.check                  n=44 p95=0.1674 p99=0.2051
2026-08-02 20:29:54 [info     ] mc_gate.halved                 new_size=0.0002 p95=16.7
2026-08-02 20:29:54 [debug    ] kelly.fraction                 b=1.2419 capped=0.0007 f_half=0.0007 losses=25 p=0.4468 wins=20
2026-08-02 20:29:54 [debug    ] mc_gate.check                  n=45 p95=0.1793 p99=0.2106
2026-08-02 20:29:54 [info     ] mc_gate.halved                 new_size=0.0003 p95=17.9
2026-08-02 20:29:54 [debug    ] kelly.fraction                 b=1.2419 capped=0.0007 f_half=0.0007 losses=25 p=0.4468 wins=20
2026-08-02 20:29:54 [debug    ] mc_gate.check                  n=45 p95=0.1902 p99=0.2223
2026-08-02 20:29:54 [info     ] mc_gate.halved                 new_size=0.0003 p95=19.0
2026-08-02 20:29:54 [debug    ] kelly.fraction                 b=1.1296 capped=0.0 f_half=0.0 losses=25 p=0.4694 wins=22
2026-08-02 20:29:54 [debug    ] mc_gate.check                  n=47 p95=0.182 p99=0.2127
2026-08-02 20:29:54 [info     ] mc_gate.halved                 new_size=0.01 p95=18.2
2026-08-02 20:29:54 [debug    ] kelly.fraction                 b=1.1296 capped=0.0 f_half=0.0 losses=25 p=0.4694 wins=22
2026-08-02 20:29:54 [debug    ] mc_gate.check                  n=47 p95=0.1791 p99=0.2134
2026-08-02 20:29:54 [info     ] mc_gate.halved                 new_size=0.01 p95=17.9
2026-08-02 20:29:54 [debug    ] kelly.fraction                 b=1.1296 capped=0.0 f_half=0.0 losses=25 p=0.4694 wins=22
2026-08-02 20:29:54 [debug    ] mc_gate.check                  n=47 p95=0.1771 p99=0.2157
2026-08-02 20:29:54 [info     ] mc_gate.halved                 new_size=0.01 p95=17.7
2026-08-02 20:29:54 [debug    ] kelly.fraction                 b=1.0234 capped=0.0057 f_half=0.0057 losses=25 p=0.5 wins=25
2026-08-02 20:29:54 [debug    ] mc_gate.check                  n=50 p95=0.1738 p99=0.2169
2026-08-02 20:29:54 [info     ] mc_gate.halved                 new_size=0.0029 p95=17.4
2026-08-02 20:29:54 [debug    ] kelly.fraction                 b=0.9843 capped=0.0055 f_half=0.0055 losses=25 p=0.5094 wins=26
2026-08-02 20:29:55 [debug    ] mc_gate.check                  n=50 p95=0.1648 p99=0.2003
2026-08-02 20:29:55 [info     ] mc_gate.halved                 new_size=0.0028 p95=16.5
2026-08-02 20:29:55 [debug    ] kelly.fraction                 b=0.9482 capped=0.0054 f_half=0.0054 losses=25 p=0.5185 wins=27
2026-08-02 20:29:55 [debug    ] mc_gate.check                  n=50 p95=0.1774 p99=0.2177
2026-08-02 20:29:55 [info     ] mc_gate.halved                 new_size=0.0027 p95=17.7
2026-08-02 20:29:55 [debug    ] kelly.fraction                 b=0.9853 capped=0.0054 f_half=0.0054 losses=26 p=0.5091 wins=27
2026-08-02 20:29:55 [debug    ] mc_gate.check                  n=50 p95=0.17 p99=0.2085
2026-08-02 20:29:55 [info     ] mc_gate.halved                 new_size=0.0027 p95=17.0
2026-08-02 20:29:55 [debug    ] kelly.fraction                 b=0.9513 capped=0.0055 f_half=0.0055 losses=26 p=0.5179 wins=28
2026-08-02 20:29:55 [debug    ] mc_gate.check                  n=50 p95=0.1666 p99=0.2006
2026-08-02 20:29:55 [info     ] mc_gate.halved                 new_size=0.0028 p95=16.7
2026-08-02 20:29:55 [debug    ] kelly.fraction                 b=0.9211 capped=0.006 f_half=0.006 losses=26 p=0.5263 wins=29
2026-08-02 20:29:55 [debug    ] mc_gate.check                  n=50 p95=0.159 p99=0.198
2026-08-02 20:29:55 [info     ] mc_gate.halved                 new_size=0.003 p95=15.9
2026-08-02 20:29:55 [debug    ] kelly.fraction                 b=0.9553 capped=0.0059 f_half=0.0059 losses=27 p=0.5172 wins=29
2026-08-02 20:29:55 [debug    ] mc_gate.check                  n=50 p95=0.1604 p99=0.1991
2026-08-02 20:29:55 [info     ] mc_gate.halved                 new_size=0.003 p95=16.0
2026-08-02 20:29:55 [debug    ] kelly.fraction                 b=0.9887 capped=0.0057 f_half=0.0057 losses=28 p=0.5085 wins=29
2026-08-02 20:29:55 [debug    ] mc_gate.check                  n=50 p95=0.1668 p99=0.2024
2026-08-02 20:29:55 [info     ] mc_gate.halved                 new_size=0.0028 p95=16.7
2026-08-02 20:29:55 [debug    ] kelly.fraction                 b=0.9887 capped=0.0057 f_half=0.0057 losses=28 p=0.5085 wins=29
2026-08-02 20:29:55 [debug    ] mc_gate.check                  n=50 p95=0.1609 p99=0.2049
2026-08-02 20:29:55 [info     ] mc_gate.halved                 new_size=0.0028 p95=16.1
2026-08-02 20:29:55 [debug    ] kelly.fraction                 b=0.9835 capped=0.0041 f_half=0.0041 losses=29 p=0.5082 wins=30
2026-08-02 20:29:55 [debug    ] mc_gate.check                  n=50 p95=0.1586 p99=0.1958
2026-08-02 20:29:55 [info     ] mc_gate.halved                 new_size=0.002 p95=15.9
2026-08-02 20:29:55 [debug    ] kelly.fraction                 b=0.9835 capped=0.0041 f_half=0.0041 losses=29 p=0.5082 wins=30
2026-08-02 20:29:56 [debug    ] mc_gate.check                  n=50 p95=0.1689 p99=0.2128
2026-08-02 20:29:56 [info     ] mc_gate.halved                 new_size=0.002 p95=16.9
2026-08-02 20:29:56 [debug    ] kelly.fraction                 b=0.981 capped=0.0032 f_half=0.0032 losses=30 p=0.5079 wins=31
2026-08-02 20:29:56 [debug    ] mc_gate.check                  n=50 p95=0.1705 p99=0.2124
2026-08-02 20:29:56 [info     ] mc_gate.halved                 new_size=0.0016 p95=17.0
2026-08-02 20:29:56 [debug    ] kelly.fraction                 b=0.9504 capped=0.003 f_half=0.003 losses=30 p=0.5156 wins=32
2026-08-02 20:29:56 [debug    ] mc_gate.check                  n=50 p95=0.1916 p99=0.2277
2026-08-02 20:29:56 [info     ] mc_gate.halved                 new_size=0.0015 p95=19.2
2026-08-02 20:29:56 [debug    ] kelly.fraction                 b=0.9808 capped=0.0029 f_half=0.0029 losses=31 p=0.5077 wins=32
2026-08-02 20:29:56 [debug    ] mc_gate.check                  n=50 p95=0.186 p99=0.2233
2026-08-02 20:29:56 [info     ] mc_gate.halved                 new_size=0.0014 p95=18.6
2026-08-02 20:29:56 [debug    ] kelly.fraction                 b=1.012 capped=0.003 f_half=0.003 losses=32 p=0.5 wins=32
2026-08-02 20:29:56 [debug    ] mc_gate.check                  n=50 p95=0.1986 p99=0.2406
2026-08-02 20:29:56 [info     ] mc_gate.halved                 new_size=0.0015 p95=19.9
2026-08-02 20:29:56 [debug    ] kelly.fraction                 b=1.012 capped=0.003 f_half=0.003 losses=32 p=0.5 wins=32
2026-08-02 20:29:56 [debug    ] mc_gate.check                  n=50 p95=0.2046 p99=0.2373
2026-08-02 20:29:56 [info     ] mc_gate.halved                 new_size=0.0015 p95=20.5
2026-08-02 20:29:56 [debug    ] kelly.fraction                 b=1.0736 capped=0.0029 f_half=0.0029 losses=34 p=0.4853 wins=32
2026-08-02 20:29:56 [debug    ] mc_gate.check                  n=50 p95=0.2013 p99=0.2478
2026-08-02 20:29:56 [info     ] mc_gate.halved                 new_size=0.0015 p95=20.1
2026-08-02 20:29:56 [debug    ] kelly.fraction                 b=1.1043 capped=0.0029 f_half=0.0029 losses=35 p=0.4783 wins=32
2026-08-02 20:29:56 [debug    ] mc_gate.check                  n=50 p95=0.2021 p99=0.2485
2026-08-02 20:29:56 [info     ] mc_gate.halved                 new_size=0.0015 p95=20.2
2026-08-02 20:29:56 [debug    ] kelly.fraction                 b=1.1043 capped=0.0029 f_half=0.0029 losses=35 p=0.4783 wins=32
2026-08-02 20:29:56 [debug    ] mc_gate.check                  n=50 p95=0.2014 p99=0.239
2026-08-02 20:29:56 [info     ] mc_gate.halved                 new_size=0.0015 p95=20.1
2026-08-02 20:29:56 [debug    ] kelly.fraction                 b=1.1043 capped=0.0029 f_half=0.0029 losses=35 p=0.4783 wins=32
2026-08-02 20:29:57 [debug    ] mc_gate.check                  n=50 p95=0.2038 p99=0.2391
2026-08-02 20:29:57 [info     ] mc_gate.halved                 new_size=0.0015 p95=20.4
2026-08-02 20:29:57 [debug    ] kelly.fraction                 b=1.0728 capped=0.0032 f_half=0.0032 losses=35 p=0.4857 wins=33
2026-08-02 20:29:57 [debug    ] mc_gate.check                  n=50 p95=0.1973 p99=0.2333
2026-08-02 20:29:57 [info     ] mc_gate.halved                 new_size=0.0016 p95=19.7
2026-08-02 20:29:57 [debug    ] kelly.fraction                 b=1.0412 capped=0.003 f_half=0.003 losses=35 p=0.493 wins=34
2026-08-02 20:29:57 [debug    ] mc_gate.check                  n=50 p95=0.1864 p99=0.2228
2026-08-02 20:29:57 [info     ] mc_gate.halved                 new_size=0.0015 p95=18.6
2026-08-02 20:29:57 [debug    ] kelly.fraction                 b=1.0691 capped=0.0027 f_half=0.0027 losses=36 p=0.4861 wins=34
2026-08-02 20:29:57 [debug    ] mc_gate.check                  n=50 p95=0.1995 p99=0.241
2026-08-02 20:29:57 [info     ] mc_gate.halved                 new_size=0.0014 p95=20.0
2026-08-02 20:29:57 [debug    ] kelly.fraction                 b=1.0394 capped=0.0028 f_half=0.0028 losses=36 p=0.4932 wins=35
2026-08-02 20:29:57 [debug    ] mc_gate.check                  n=50 p95=0.1951 p99=0.2299
2026-08-02 20:29:57 [info     ] mc_gate.halved                 new_size=0.0014 p95=19.5
2026-08-02 20:29:57 [debug    ] kelly.fraction                 b=1.066 capped=0.0024 f_half=0.0024 losses=37 p=0.4865 wins=35
2026-08-02 20:29:57 [debug    ] mc_gate.check                  n=50 p95=0.1947 p99=0.2354
2026-08-02 20:29:57 [info     ] mc_gate.halved                 new_size=0.0012 p95=19.5
2026-08-02 20:29:57 [debug    ] kelly.fraction                 b=1.066 capped=0.0024 f_half=0.0024 losses=37 p=0.4865 wins=35
2026-08-02 20:29:57 [debug    ] mc_gate.check                  n=50 p95=0.1808 p99=0.2155
2026-08-02 20:29:57 [info     ] mc_gate.halved                 new_size=0.0012 p95=18.1
2026-08-02 20:29:57 [debug    ] kelly.fraction                 b=1.066 capped=0.0024 f_half=0.0024 losses=37 p=0.4865 wins=35
2026-08-02 20:29:57 [debug    ] mc_gate.check                  n=50 p95=0.1918 p99=0.2361
2026-08-02 20:29:57 [info     ] mc_gate.halved                 new_size=0.0012 p95=19.2
2026-08-02 20:29:57 [debug    ] kelly.fraction                 b=1.066 capped=0.0024 f_half=0.0024 losses=37 p=0.4865 wins=35
2026-08-02 20:29:58 [debug    ] mc_gate.check                  n=50 p95=0.1886 p99=0.2217
2026-08-02 20:29:58 [info     ] mc_gate.halved                 new_size=0.0012 p95=18.9
2026-08-02 20:29:58 [debug    ] kelly.fraction                 b=1.1222 capped=0.0023 f_half=0.0023 losses=39 p=0.4737 wins=35
2026-08-02 20:29:58 [debug    ] mc_gate.check                  n=50 p95=0.1704 p99=0.2071
2026-08-02 20:29:58 [info     ] mc_gate.halved                 new_size=0.0012 p95=17.0
2026-08-02 20:29:58 [debug    ] kelly.fraction                 b=1.1501 capped=0.0023 f_half=0.0023 losses=40 p=0.4675 wins=35
2026-08-02 20:29:58 [debug    ] mc_gate.check                  n=50 p95=0.1639 p99=0.1988
2026-08-02 20:29:58 [info     ] mc_gate.halved                 new_size=0.0011 p95=16.4
2026-08-02 20:29:58 [debug    ] kelly.fraction                 b=1.1501 capped=0.0023 f_half=0.0023 losses=40 p=0.4675 wins=35
2026-08-02 20:29:58 [debug    ] mc_gate.check                  n=50 p95=0.1685 p99=0.1992
2026-08-02 20:29:58 [info     ] mc_gate.halved                 new_size=0.0011 p95=16.9
2026-08-02 20:29:58 [debug    ] kelly.fraction                 b=1.0901 capped=0.0025 f_half=0.0025 losses=40 p=0.481 wins=37
2026-08-02 20:29:58 [debug    ] mc_gate.check                  n=50 p95=0.1603 p99=0.1872
2026-08-02 20:29:58 [info     ] mc_gate.halved                 new_size=0.0012 p95=16.0
2026-08-02 20:29:58 [debug    ] kelly.fraction                 b=1.0901 capped=0.0025 f_half=0.0025 losses=40 p=0.481 wins=37
2026-08-02 20:29:58 [debug    ] mc_gate.check                  n=50 p95=0.1554 p99=0.1935
2026-08-02 20:29:58 [info     ] mc_gate.halved                 new_size=0.0012 p95=15.5
2026-08-02 20:29:58 [debug    ] kelly.fraction                 b=1.0893 capped=0.0027 f_half=0.0027 losses=41 p=0.4815 wins=38
2026-08-02 20:29:58 [debug    ] mc_gate.check                  n=50 p95=0.1423 p99=0.1761
2026-08-02 20:29:58 [debug    ] kelly.fraction                 b=1.1122 capped=0.0021 f_half=0.0021 losses=42 p=0.4756 wins=38
2026-08-02 20:29:58 [debug    ] mc_gate.check                  n=50 p95=0.1607 p99=0.1969
2026-08-02 20:29:58 [info     ] mc_gate.halved                 new_size=0.001 p95=16.1
2026-08-02 20:29:58 [debug    ] kelly.fraction                 b=1.1359 capped=0.0016 f_half=0.0016 losses=43 p=0.4699 wins=38
2026-08-02 20:29:58 [debug    ] mc_gate.check                  n=50 p95=0.1762 p99=0.2105
2026-08-02 20:29:58 [info     ] mc_gate.halved                 new_size=0.0008 p95=17.6
2026-08-02 20:29:58 [debug    ] kelly.fraction                 b=1.1618 capped=0.0016 f_half=0.0016 losses=44 p=0.4643 wins=38
2026-08-02 20:29:59 [debug    ] mc_gate.check                  n=50 p95=0.1899 p99=0.2154
2026-08-02 20:29:59 [info     ] mc_gate.halved                 new_size=0.0008 p95=19.0
2026-08-02 20:29:59 [debug    ] kelly.fraction                 b=1.1321 capped=0.0015 f_half=0.0015 losses=44 p=0.4706 wins=39
2026-08-02 20:29:59 [debug    ] mc_gate.check                  n=50 p95=0.1832 p99=0.223
2026-08-02 20:29:59 [info     ] mc_gate.halved                 new_size=0.0007 p95=18.3
2026-08-02 20:29:59 [debug    ] kelly.fraction                 b=1.1321 capped=0.0015 f_half=0.0015 losses=44 p=0.4706 wins=39
2026-08-02 20:29:59 [debug    ] mc_gate.check                  n=50 p95=0.1864 p99=0.2152
2026-08-02 20:29:59 [info     ] mc_gate.halved                 new_size=0.0007 p95=18.6
2026-08-02 20:29:59 [debug    ] kelly.fraction                 b=1.1286 capped=0.0014 f_half=0.0014 losses=45 p=0.4713 wins=40
2026-08-02 20:29:59 [debug    ] mc_gate.check                  n=50 p95=0.1634 p99=0.1877
2026-08-02 20:29:59 [info     ] mc_gate.halved                 new_size=0.0007 p95=16.3
2026-08-02 20:29:59 [debug    ] kelly.fraction                 b=1.1286 capped=0.0014 f_half=0.0014 losses=45 p=0.4713 wins=40
2026-08-02 20:29:59 [debug    ] mc_gate.check                  n=50 p95=0.1666 p99=0.212
2026-08-02 20:29:59 [info     ] mc_gate.halved                 new_size=0.0007 p95=16.7
2026-08-02 20:29:59 [debug    ] kelly.fraction                 b=1.0753 capped=0.0013 f_half=0.0013 losses=45 p=0.4831 wins=42
2026-08-02 20:29:59 [debug    ] mc_gate.check                  n=50 p95=0.1611 p99=0.1966
2026-08-02 20:29:59 [info     ] mc_gate.halved                 new_size=0.0006 p95=16.1
2026-08-02 20:29:59 [debug    ] kelly.fraction                 b=1.0753 capped=0.0013 f_half=0.0013 losses=45 p=0.4831 wins=42
2026-08-02 20:29:59 [debug    ] mc_gate.check                  n=50 p95=0.157 p99=0.2008
2026-08-02 20:29:59 [info     ] mc_gate.halved                 new_size=0.0006 p95=15.7
2026-08-02 20:29:59 [debug    ] kelly.fraction                 b=1.0507 capped=0.0012 f_half=0.0012 losses=45 p=0.4889 wins=43
2026-08-02 20:29:59 [debug    ] mc_gate.check                  n=50 p95=0.1594 p99=0.1855
2026-08-02 20:29:59 [info     ] mc_gate.halved                 new_size=0.0006 p95=15.9
2026-08-02 20:29:59 [debug    ] kelly.fraction                 b=1.0507 capped=0.0012 f_half=0.0012 losses=45 p=0.4889 wins=43
2026-08-02 20:29:59 [debug    ] mc_gate.check                  n=50 p95=0.1567 p99=0.1862
2026-08-02 20:29:59 [info     ] mc_gate.halved                 new_size=0.0006 p95=15.7
2026-08-02 20:29:59 [debug    ] kelly.fraction                 b=1.0507 capped=0.0012 f_half=0.0012 losses=45 p=0.4889 wins=43
2026-08-02 20:30:00 [debug    ] mc_gate.check                  n=50 p95=0.1503 p99=0.1865
2026-08-02 20:30:00 [info     ] mc_gate.halved                 new_size=0.0006 p95=15.0
2026-08-02 20:30:00 [debug    ] kelly.fraction                 b=1.0284 capped=0.0015 f_half=0.0015 losses=45 p=0.4945 wins=44
2026-08-02 20:30:00 [debug    ] mc_gate.check                  n=50 p95=0.1543 p99=0.1937
2026-08-02 20:30:00 [info     ] mc_gate.halved                 new_size=0.0007 p95=15.4
2026-08-02 20:30:00 [debug    ] kelly.fraction                 b=1.0505 capped=0.0014 f_half=0.0014 losses=46 p=0.4891 wins=44
2026-08-02 20:30:00 [debug    ] mc_gate.check                  n=50 p95=0.1519 p99=0.1882
2026-08-02 20:30:00 [info     ] mc_gate.halved                 new_size=0.0007 p95=15.2
2026-08-02 20:30:00 [debug    ] kelly.fraction                 b=1.0728 capped=0.0014 f_half=0.0014 losses=47 p=0.4839 wins=44
2026-08-02 20:30:00 [debug    ] mc_gate.check                  n=50 p95=0.1556 p99=0.1923
2026-08-02 20:30:00 [info     ] mc_gate.halved                 new_size=0.0007 p95=15.6
2026-08-02 20:30:00 [debug    ] kelly.fraction                 b=1.0491 capped=0.0013 f_half=0.0013 losses=47 p=0.4894 wins=45
2026-08-02 20:30:00 [debug    ] mc_gate.check                  n=50 p95=0.1714 p99=0.1966
2026-08-02 20:30:00 [info     ] mc_gate.halved                 new_size=0.0007 p95=17.1
2026-08-02 20:30:00 [debug    ] kelly.fraction                 b=1.0704 capped=0.0012 f_half=0.0012 losses=48 p=0.4842 wins=45
2026-08-02 20:30:00 [debug    ] mc_gate.check                  n=50 p95=0.1874 p99=0.2147
2026-08-02 20:30:00 [info     ] mc_gate.halved                 new_size=0.0006 p95=18.7
2026-08-02 20:30:00 [debug    ] kelly.fraction                 b=1.0704 capped=0.0012 f_half=0.0012 losses=48 p=0.4842 wins=45
2026-08-02 20:30:00 [debug    ] mc_gate.check                  n=50 p95=0.1821 p99=0.2278
2026-08-02 20:30:00 [info     ] mc_gate.halved                 new_size=0.0006 p95=18.2
2026-08-02 20:30:00 [debug    ] kelly.fraction                 b=1.1129 capped=0.0009 f_half=0.0009 losses=50 p=0.4742 wins=45
2026-08-02 20:30:00 [debug    ] mc_gate.check                  n=50 p95=0.1583 p99=0.1857
2026-08-02 20:30:00 [info     ] mc_gate.halved                 new_size=0.0004 p95=15.8
2026-08-02 20:30:00 [debug    ] kelly.fraction                 b=1.0889 capped=0.0008 f_half=0.0008 losses=50 p=0.4796 wins=46
2026-08-02 20:30:00 [debug    ] mc_gate.check                  n=50 p95=0.1503 p99=0.1775
2026-08-02 20:30:00 [info     ] mc_gate.halved                 new_size=0.0004 p95=15.0
2026-08-02 20:30:00 [debug    ] kelly.fraction                 b=1.1098 capped=0.0007 f_half=0.0007 losses=51 p=0.4747 wins=46
2026-08-02 20:30:01 [debug    ] mc_gate.check                  n=50 p95=0.1736 p99=0.2024
2026-08-02 20:30:01 [info     ] mc_gate.halved                 new_size=0.0004 p95=17.4
2026-08-02 20:30:01 [debug    ] kelly.fraction                 b=1.1098 capped=0.0007 f_half=0.0007 losses=51 p=0.4747 wins=46
2026-08-02 20:30:01 [debug    ] mc_gate.check                  n=50 p95=0.1685 p99=0.2079
2026-08-02 20:30:01 [info     ] mc_gate.halved                 new_size=0.0004 p95=16.8
2026-08-02 20:30:01 [debug    ] kelly.fraction                 b=1.1528 capped=0.0008 f_half=0.0008 losses=53 p=0.4653 wins=46
2026-08-02 20:30:01 [debug    ] mc_gate.check                  n=50 p95=0.1836 p99=0.2132
2026-08-02 20:30:01 [info     ] mc_gate.halved                 new_size=0.0004 p95=18.4
2026-08-02 20:30:01 [debug    ] kelly.fraction                 b=1.1528 capped=0.0008 f_half=0.0008 losses=53 p=0.4653 wins=46
2026-08-02 20:30:01 [debug    ] mc_gate.check                  n=50 p95=0.1862 p99=0.2175
2026-08-02 20:30:01 [info     ] mc_gate.halved                 new_size=0.0004 p95=18.6
2026-08-02 20:30:01 [debug    ] kelly.fraction                 b=1.1483 capped=0.0005 f_half=0.0005 losses=54 p=0.466 wins=47
2026-08-02 20:30:01 [debug    ] mc_gate.check                  n=50 p95=0.213 p99=0.24
2026-08-02 20:30:01 [info     ] mc_gate.halved                 new_size=0.0002 p95=21.3
2026-08-02 20:30:01 [debug    ] kelly.fraction                 b=1.1688 capped=0.0004 f_half=0.0004 losses=55 p=0.4615 wins=47
2026-08-02 20:30:01 [debug    ] mc_gate.check                  n=50 p95=0.233 p99=0.2669
2026-08-02 20:30:01 [warning  ] mc_gate.blocked                p99=26.7
2026-08-02 20:30:01 [debug    ] kelly.fraction                 b=1.1688 capped=0.0004 f_half=0.0004 losses=55 p=0.4615 wins=47
2026-08-02 20:30:01 [debug    ] mc_gate.check                  n=50 p95=0.2313 p99=0.2674
2026-08-02 20:30:01 [warning  ] mc_gate.blocked                p99=26.7
2026-08-02 20:30:01 [debug    ] kelly.fraction                 b=1.1688 capped=0.0004 f_half=0.0004 losses=55 p=0.4615 wins=47
2026-08-02 20:30:01 [debug    ] mc_gate.check                  n=50 p95=0.2357 p99=0.2617
2026-08-02 20:30:01 [warning  ] mc_gate.blocked                p99=26.2
2026-08-02 20:30:01 [debug    ] kelly.fraction                 b=1.1688 capped=0.0004 f_half=0.0004 losses=55 p=0.4615 wins=47
2026-08-02 20:30:01 [debug    ] mc_gate.check                  n=50 p95=0.2251 p99=0.2592
2026-08-02 20:30:01 [warning  ] mc_gate.blocked                p99=25.9
2026-08-02 20:30:01 [debug    ] kelly.fraction                 b=1.1688 capped=0.0004 f_half=0.0004 losses=55 p=0.4615 wins=47
2026-08-02 20:30:02 [debug    ] mc_gate.check                  n=50 p95=0.2275 p99=0.2565
2026-08-02 20:30:02 [warning  ] mc_gate.blocked                p99=25.7
2026-08-02 20:30:02 [debug    ] kelly.fraction                 b=1.1688 capped=0.0004 f_half=0.0004 losses=55 p=0.4615 wins=47
2026-08-02 20:30:02 [debug    ] mc_gate.check                  n=50 p95=0.2243 p99=0.2521
2026-08-02 20:30:02 [warning  ] mc_gate.blocked                p99=25.2
2026-08-02 20:30:02 [debug    ] kelly.fraction                 b=1.1688 capped=0.0004 f_half=0.0004 losses=55 p=0.4615 wins=47
2026-08-02 20:30:02 [debug    ] mc_gate.check                  n=50 p95=0.2337 p99=0.2621
2026-08-02 20:30:02 [warning  ] mc_gate.blocked                p99=26.2
2026-08-02 20:30:02 [debug    ] kelly.fraction                 b=1.1688 capped=0.0004 f_half=0.0004 losses=55 p=0.4615 wins=47
2026-08-02 20:30:02 [debug    ] mc_gate.check                  n=50 p95=0.2354 p99=0.2624
2026-08-02 20:30:02 [warning  ] mc_gate.blocked                p99=26.2
2026-08-02 20:30:02 [debug    ] kelly.fraction                 b=1.1688 capped=0.0004 f_half=0.0004 losses=55 p=0.4615 wins=47
2026-08-02 20:30:02 [debug    ] mc_gate.check                  n=50 p95=0.2299 p99=0.2625
2026-08-02 20:30:02 [warning  ] mc_gate.blocked                p99=26.3
2026-08-02 20:30:02 [debug    ] kelly.fraction                 b=1.1688 capped=0.0004 f_half=0.0004 losses=55 p=0.4615 wins=47
2026-08-02 20:30:02 [debug    ] mc_gate.check                  n=50 p95=0.2329 p99=0.271
2026-08-02 20:30:02 [warning  ] mc_gate.blocked                p99=27.1
2026-08-02 20:30:02 [debug    ] kelly.fraction                 b=1.1688 capped=0.0004 f_half=0.0004 losses=55 p=0.4615 wins=47
2026-08-02 20:30:02 [debug    ] mc_gate.check                  n=50 p95=0.2301 p99=0.2588
2026-08-02 20:30:02 [warning  ] mc_gate.blocked                p99=25.9
2026-08-02 20:30:02 [debug    ] kelly.fraction                 b=1.1688 capped=0.0004 f_half=0.0004 losses=55 p=0.4615 wins=47
2026-08-02 20:30:02 [debug    ] mc_gate.check                  n=50 p95=0.2266 p99=0.2595
2026-08-02 20:30:02 [warning  ] mc_gate.blocked                p99=25.9
2026-08-02 20:30:02 [debug    ] kelly.fraction                 b=1.1688 capped=0.0004 f_half=0.0004 losses=55 p=0.4615 wins=47
2026-08-02 20:30:02 [debug    ] mc_gate.check                  n=50 p95=0.2271 p99=0.2617
2026-08-02 20:30:02 [warning  ] mc_gate.blocked                p99=26.2
2026-08-02 20:30:02 [debug    ] kelly.fraction                 b=1.1688 capped=0.0004 f_half=0.0004 losses=55 p=0.4615 wins=47
2026-08-02 20:30:03 [debug    ] mc_gate.check                  n=50 p95=0.2317 p99=0.2613
2026-08-02 20:30:03 [warning  ] mc_gate.blocked                p99=26.1
2026-08-02 20:30:03 [debug    ] kelly.fraction                 b=1.0 capped=0.0 f_half=0.0 losses=0 p=0.5 wins=0
2026-08-02 20:30:03 [debug    ] kelly.fraction                 b=1.1688 capped=0.0004 f_half=0.0004 losses=55 p=0.4615 wins=47
2026-08-02 20:30:03 [debug    ] mc_gate.check                  n=50 p95=0.2281 p99=0.2604
2026-08-02 20:30:03 [warning  ] mc_gate.blocked                p99=26.0
2026-08-02 20:30:03 [debug    ] kelly.fraction                 b=1.1688 capped=0.0004 f_half=0.0004 losses=55 p=0.4615 wins=47
2026-08-02 20:30:03 [debug    ] mc_gate.check                  n=50 p95=0.2329 p99=0.2645
2026-08-02 20:30:03 [warning  ] mc_gate.blocked                p99=26.4
2026-08-02 20:30:03 [debug    ] kelly.fraction                 b=1.1688 capped=0.0004 f_half=0.0004 losses=55 p=0.4615 wins=47
2026-08-02 20:30:03 [debug    ] mc_gate.check                  n=50 p95=0.2288 p99=0.2648
2026-08-02 20:30:03 [warning  ] mc_gate.blocked                p99=26.5
2026-08-02 20:30:03 [debug    ] kelly.fraction                 b=1.1688 capped=0.0004 f_half=0.0004 losses=55 p=0.4615 wins=47
2026-08-02 20:30:03 [debug    ] mc_gate.check                  n=50 p95=0.2254 p99=0.2567
2026-08-02 20:30:03 [warning  ] mc_gate.blocked                p99=25.7
2026-08-02 20:30:03 [debug    ] kelly.fraction                 b=1.1688 capped=0.0004 f_half=0.0004 losses=55 p=0.4615 wins=47
2026-08-02 20:30:03 [debug    ] mc_gate.check                  n=50 p95=0.2344 p99=0.261
2026-08-02 20:30:03 [warning  ] mc_gate.blocked                p99=26.1
2026-08-02 20:30:03 [debug    ] kelly.fraction                 b=1.1688 capped=0.0004 f_half=0.0004 losses=55 p=0.4615 wins=47
2026-08-02 20:30:03 [debug    ] mc_gate.check                  n=50 p95=0.2226 p99=0.2538
2026-08-02 20:30:03 [warning  ] mc_gate.blocked                p99=25.4
2026-08-02 20:30:03 [debug    ] kelly.fraction                 b=1.1688 capped=0.0004 f_half=0.0004 losses=55 p=0.4615 wins=47
2026-08-02 20:30:03 [debug    ] mc_gate.check                  n=50 p95=0.2329 p99=0.2667
2026-08-02 20:30:03 [warning  ] mc_gate.blocked                p99=26.7
2026-08-02 20:30:03 [debug    ] kelly.fraction                 b=1.1688 capped=0.0004 f_half=0.0004 losses=55 p=0.4615 wins=47
2026-08-02 20:30:03 [debug    ] mc_gate.check                  n=50 p95=0.2295 p99=0.2635
2026-08-02 20:30:03 [warning  ] mc_gate.blocked                p99=26.3
2026-08-02 20:30:03 [debug    ] kelly.fraction                 b=1.1688 capped=0.0004 f_half=0.0004 losses=55 p=0.4615 wins=47
2026-08-02 20:30:04 [debug    ] mc_gate.check                  n=50 p95=0.2294 p99=0.2566
2026-08-02 20:30:04 [warning  ] mc_gate.blocked                p99=25.7
2026-08-02 20:30:04 [debug    ] kelly.fraction                 b=0.0778 capped=0.0 f_half=0.0 losses=0 p=0.6667 wins=1
2026-08-02 20:30:04 [debug    ] kelly.fraction                 b=1.1688 capped=0.0004 f_half=0.0004 losses=55 p=0.4615 wins=47
2026-08-02 20:30:04 [debug    ] mc_gate.check                  n=50 p95=0.2254 p99=0.2564
2026-08-02 20:30:04 [warning  ] mc_gate.blocked                p99=25.6
2026-08-02 20:30:04 [debug    ] kelly.fraction                 b=1.1688 capped=0.0004 f_half=0.0004 losses=55 p=0.4615 wins=47
2026-08-02 20:30:04 [debug    ] mc_gate.check                  n=50 p95=0.2246 p99=0.2547
2026-08-02 20:30:04 [warning  ] mc_gate.blocked                p99=25.5
2026-08-02 20:30:04 [debug    ] kelly.fraction                 b=1.1688 capped=0.0004 f_half=0.0004 losses=55 p=0.4615 wins=47
2026-08-02 20:30:04 [debug    ] mc_gate.check                  n=50 p95=0.2233 p99=0.2583
2026-08-02 20:30:04 [warning  ] mc_gate.blocked                p99=25.8
2026-08-02 20:30:04 [debug    ] kelly.fraction                 b=0.0778 capped=0.0 f_half=0.0 losses=0 p=0.6667 wins=1
2026-08-02 20:30:04 [debug    ] kelly.fraction                 b=1.1688 capped=0.0004 f_half=0.0004 losses=55 p=0.4615 wins=47
2026-08-02 20:30:04 [debug    ] mc_gate.check                  n=50 p95=0.2341 p99=0.2607
2026-08-02 20:30:04 [warning  ] mc_gate.blocked                p99=26.1
2026-08-02 20:30:04 [debug    ] kelly.fraction                 b=0.0778 capped=0.0 f_half=0.0 losses=0 p=0.6667 wins=1
2026-08-02 20:30:04 [debug    ] kelly.fraction                 b=1.1688 capped=0.0004 f_half=0.0004 losses=55 p=0.4615 wins=47
2026-08-02 20:30:04 [debug    ] mc_gate.check                  n=50 p95=0.2292 p99=0.2656
2026-08-02 20:30:04 [warning  ] mc_gate.blocked                p99=26.6
2026-08-02 20:30:04 [debug    ] kelly.fraction                 b=1.1688 capped=0.0004 f_half=0.0004 losses=55 p=0.4615 wins=47
2026-08-02 20:30:04 [debug    ] mc_gate.check                  n=50 p95=0.2297 p99=0.2568
2026-08-02 20:30:04 [warning  ] mc_gate.blocked                p99=25.7
2026-08-02 20:30:04 [debug    ] kelly.fraction                 b=1.1688 capped=0.0004 f_half=0.0004 losses=55 p=0.4615 wins=47
2026-08-02 20:30:04 [debug    ] mc_gate.check                  n=50 p95=0.2271 p99=0.2552
2026-08-02 20:30:04 [warning  ] mc_gate.blocked                p99=25.5
2026-08-02 20:30:04 [debug    ] kelly.fraction                 b=1.1688 capped=0.0004 f_half=0.0004 losses=55 p=0.4615 wins=47
2026-08-02 20:30:04 [debug    ] mc_gate.check                  n=50 p95=0.2235 p99=0.2596
2026-08-02 20:30:04 [warning  ] mc_gate.blocked                p99=26.0
2026-08-02 20:30:04 [debug    ] kelly.fraction                 b=0.678 capped=0.0 f_half=0.0 losses=1 p=0.5 wins=1
2026-08-02 20:30:04 [debug    ] kelly.fraction                 b=1.1688 capped=0.0004 f_half=0.0004 losses=55 p=0.4615 wins=47
2026-08-02 20:30:05 [debug    ] mc_gate.check                  n=50 p95=0.23 p99=0.2692
2026-08-02 20:30:05 [warning  ] mc_gate.blocked                p99=26.9
2026-08-02 20:30:05 [debug    ] kelly.fraction                 b=1.1688 capped=0.0004 f_half=0.0004 losses=55 p=0.4615 wins=47
2026-08-02 20:30:05 [debug    ] mc_gate.check                  n=50 p95=0.2326 p99=0.2571
2026-08-02 20:30:05 [warning  ] mc_gate.blocked                p99=25.7
2026-08-02 20:30:05 [debug    ] kelly.fraction                 b=1.1688 capped=0.0004 f_half=0.0004 losses=55 p=0.4615 wins=47
2026-08-02 20:30:05 [debug    ] mc_gate.check                  n=50 p95=0.2378 p99=0.2643
2026-08-02 20:30:05 [warning  ] mc_gate.blocked                p99=26.4
2026-08-02 20:30:05 [debug    ] kelly.fraction                 b=0.678 capped=0.0 f_half=0.0 losses=1 p=0.5 wins=1
2026-08-02 20:30:05 [debug    ] kelly.fraction                 b=0.678 capped=0.0 f_half=0.0 losses=1 p=0.5 wins=1
2026-08-02 20:30:05 [debug    ] kelly.fraction                 b=1.1688 capped=0.0004 f_half=0.0004 losses=55 p=0.4615 wins=47
2026-08-02 20:30:05 [debug    ] mc_gate.check                  n=50 p95=0.2285 p99=0.2541
2026-08-02 20:30:05 [warning  ] mc_gate.blocked                p99=25.4
2026-08-02 20:30:05 [debug    ] kelly.fraction                 b=1.1688 capped=0.0004 f_half=0.0004 losses=55 p=0.4615 wins=47
2026-08-02 20:30:05 [debug    ] mc_gate.check                  n=50 p95=0.2309 p99=0.26
2026-08-02 20:30:05 [warning  ] mc_gate.blocked                p99=26.0
2026-08-02 20:30:05 [debug    ] kelly.fraction                 b=0.7361 capped=0.0 f_half=0.0 losses=3 p=0.3333 wins=1
2026-08-02 20:30:05 [debug    ] kelly.fraction                 b=1.1688 capped=0.0004 f_half=0.0004 losses=55 p=0.4615 wins=47
2026-08-02 20:30:05 [debug    ] mc_gate.check                  n=50 p95=0.2309 p99=0.2567
2026-08-02 20:30:05 [warning  ] mc_gate.blocked                p99=25.7
2026-08-02 20:30:05 [debug    ] kelly.fraction                 b=1.1688 capped=0.0004 f_half=0.0004 losses=55 p=0.4615 wins=47
2026-08-02 20:30:05 [debug    ] mc_gate.check                  n=50 p95=0.2286 p99=0.2652
2026-08-02 20:30:05 [warning  ] mc_gate.blocked                p99=26.5
2026-08-02 20:30:05 [debug    ] kelly.fraction                 b=1.1688 capped=0.0004 f_half=0.0004 losses=55 p=0.4615 wins=47
2026-08-02 20:30:05 [debug    ] mc_gate.check                  n=50 p95=0.2308 p99=0.2542
2026-08-02 20:30:05 [warning  ] mc_gate.blocked                p99=25.4
2026-08-02 20:30:05 [debug    ] kelly.fraction                 b=1.1688 capped=0.0004 f_half=0.0004 losses=55 p=0.4615 wins=47
2026-08-02 20:30:06 [debug    ] mc_gate.check                  n=50 p95=0.2284 p99=0.2591
2026-08-02 20:30:06 [warning  ] mc_gate.blocked                p99=25.9
2026-08-02 20:30:06 [debug    ] kelly.fraction                 b=1.1688 capped=0.0004 f_half=0.0004 losses=55 p=0.4615 wins=47
2026-08-02 20:30:06 [debug    ] mc_gate.check                  n=50 p95=0.2277 p99=0.2609
2026-08-02 20:30:06 [warning  ] mc_gate.blocked                p99=26.1
2026-08-02 20:30:06 [debug    ] kelly.fraction                 b=1.1688 capped=0.0004 f_half=0.0004 losses=55 p=0.4615 wins=47
2026-08-02 20:30:06 [debug    ] mc_gate.check                  n=50 p95=0.2229 p99=0.2569
2026-08-02 20:30:06 [warning  ] mc_gate.blocked                p99=25.7
2026-08-02 20:30:06 [debug    ] kelly.fraction                 b=1.1688 capped=0.0004 f_half=0.0004 losses=55 p=0.4615 wins=47
2026-08-02 20:30:06 [debug    ] mc_gate.check                  n=50 p95=0.2297 p99=0.2532
2026-08-02 20:30:06 [warning  ] mc_gate.blocked                p99=25.3
2026-08-02 20:30:06 [debug    ] kelly.fraction                 b=1.1688 capped=0.0004 f_half=0.0004 losses=55 p=0.4615 wins=47
2026-08-02 20:30:06 [debug    ] mc_gate.check                  n=50 p95=0.226 p99=0.2605
2026-08-02 20:30:06 [warning  ] mc_gate.blocked                p99=26.1
2026-08-02 20:30:06 [debug    ] kelly.fraction                 b=1.1688 capped=0.0004 f_half=0.0004 losses=55 p=0.4615 wins=47
2026-08-02 20:30:06 [debug    ] mc_gate.check                  n=50 p95=0.2257 p99=0.2504
2026-08-02 20:30:06 [warning  ] mc_gate.blocked                p99=25.0
2026-08-02 20:30:06 [debug    ] kelly.fraction                 b=1.1688 capped=0.0004 f_half=0.0004 losses=55 p=0.4615 wins=47
2026-08-02 20:30:06 [debug    ] mc_gate.check                  n=50 p95=0.2304 p99=0.2612
2026-08-02 20:30:06 [warning  ] mc_gate.blocked                p99=26.1
2026-08-02 20:30:06 [debug    ] kelly.fraction                 b=1.1688 capped=0.0004 f_half=0.0004 losses=55 p=0.4615 wins=47
2026-08-02 20:30:06 [debug    ] mc_gate.check                  n=50 p95=0.231 p99=0.2675
2026-08-02 20:30:06 [warning  ] mc_gate.blocked                p99=26.8
2026-08-02 20:30:06 [debug    ] kelly.fraction                 b=1.1688 capped=0.0004 f_half=0.0004 losses=55 p=0.4615 wins=47
2026-08-02 20:30:06 [debug    ] mc_gate.check                  n=50 p95=0.2251 p99=0.2523
2026-08-02 20:30:06 [warning  ] mc_gate.blocked                p99=25.2
2026-08-02 20:30:06 [debug    ] kelly.fraction                 b=1.1688 capped=0.0004 f_half=0.0004 losses=55 p=0.4615 wins=47
2026-08-02 20:30:07 [debug    ] mc_gate.check                  n=50 p95=0.2289 p99=0.2505
2026-08-02 20:30:07 [warning  ] mc_gate.blocked                p99=25.1
2026-08-02 20:30:07 [debug    ] kelly.fraction                 b=1.1688 capped=0.0004 f_half=0.0004 losses=55 p=0.4615 wins=47
2026-08-02 20:30:07 [debug    ] mc_gate.check                  n=50 p95=0.2355 p99=0.2616
2026-08-02 20:30:07 [warning  ] mc_gate.blocked                p99=26.2
2026-08-02 20:30:07 [debug    ] kelly.fraction                 b=1.1688 capped=0.0004 f_half=0.0004 losses=55 p=0.4615 wins=47
2026-08-02 20:30:07 [debug    ] mc_gate.check                  n=50 p95=0.2321 p99=0.2629
2026-08-02 20:30:07 [warning  ] mc_gate.blocked                p99=26.3
2026-08-02 20:30:07 [debug    ] kelly.fraction                 b=1.1688 capped=0.0004 f_half=0.0004 losses=55 p=0.4615 wins=47
2026-08-02 20:30:07 [debug    ] mc_gate.check                  n=50 p95=0.2245 p99=0.2537
2026-08-02 20:30:07 [warning  ] mc_gate.blocked                p99=25.4
2026-08-02 20:30:07 [debug    ] kelly.fraction                 b=1.1688 capped=0.0004 f_half=0.0004 losses=55 p=0.4615 wins=47
2026-08-02 20:30:07 [debug    ] mc_gate.check                  n=50 p95=0.224 p99=0.2561
2026-08-02 20:30:07 [warning  ] mc_gate.blocked                p99=25.6
2026-08-02 20:30:07 [debug    ] kelly.fraction                 b=1.1688 capped=0.0004 f_half=0.0004 losses=55 p=0.4615 wins=47
2026-08-02 20:30:07 [debug    ] mc_gate.check                  n=50 p95=0.2314 p99=0.2714
2026-08-02 20:30:07 [warning  ] mc_gate.blocked                p99=27.1
2026-08-02 20:30:07 [debug    ] kelly.fraction                 b=1.1688 capped=0.0004 f_half=0.0004 losses=55 p=0.4615 wins=47
2026-08-02 20:30:07 [debug    ] mc_gate.check                  n=50 p95=0.2347 p99=0.2619
2026-08-02 20:30:07 [warning  ] mc_gate.blocked                p99=26.2
2026-08-02 20:30:07 [debug    ] kelly.fraction                 b=1.1688 capped=0.0004 f_half=0.0004 losses=55 p=0.4615 wins=47
2026-08-02 20:30:07 [debug    ] mc_gate.check                  n=50 p95=0.2308 p99=0.2594
2026-08-02 20:30:07 [warning  ] mc_gate.blocked                p99=25.9
2026-08-02 20:30:07 [debug    ] kelly.fraction                 b=1.1688 capped=0.0004 f_half=0.0004 losses=55 p=0.4615 wins=47
2026-08-02 20:30:07 [debug    ] mc_gate.check                  n=50 p95=0.227 p99=0.2567
2026-08-02 20:30:07 [warning  ] mc_gate.blocked                p99=25.7
2026-08-02 20:30:07 [debug    ] kelly.fraction                 b=1.1688 capped=0.0004 f_half=0.0004 losses=55 p=0.4615 wins=47
2026-08-02 20:30:08 [debug    ] mc_gate.check                  n=50 p95=0.2319 p99=0.2633
2026-08-02 20:30:08 [warning  ] mc_gate.blocked                p99=26.3
2026-08-02 20:30:08 [debug    ] kelly.fraction                 b=1.1688 capped=0.0004 f_half=0.0004 losses=55 p=0.4615 wins=47
2026-08-02 20:30:08 [debug    ] mc_gate.check                  n=50 p95=0.2324 p99=0.2587
2026-08-02 20:30:08 [warning  ] mc_gate.blocked                p99=25.9
2026-08-02 20:30:08 [debug    ] kelly.fraction                 b=1.1688 capped=0.0004 f_half=0.0004 losses=55 p=0.4615 wins=47
2026-08-02 20:30:08 [debug    ] mc_gate.check                  n=50 p95=0.2327 p99=0.2682
2026-08-02 20:30:08 [warning  ] mc_gate.blocked                p99=26.8
2026-08-02 20:30:08 [debug    ] kelly.fraction                 b=1.1688 capped=0.0004 f_half=0.0004 losses=55 p=0.4615 wins=47
2026-08-02 20:30:08 [debug    ] mc_gate.check                  n=50 p95=0.2289 p99=0.2557
2026-08-02 20:30:08 [warning  ] mc_gate.blocked                p99=25.6
2026-08-02 20:30:08 [debug    ] kelly.fraction                 b=1.1688 capped=0.0004 f_half=0.0004 losses=55 p=0.4615 wins=47
2026-08-02 20:30:08 [debug    ] mc_gate.check                  n=50 p95=0.2313 p99=0.2578
2026-08-02 20:30:08 [warning  ] mc_gate.blocked                p99=25.8
2026-08-02 20:30:08 [debug    ] kelly.fraction                 b=1.1688 capped=0.0004 f_half=0.0004 losses=55 p=0.4615 wins=47
2026-08-02 20:30:08 [debug    ] mc_gate.check                  n=50 p95=0.2342 p99=0.2574
2026-08-02 20:30:08 [warning  ] mc_gate.blocked                p99=25.7
2026-08-02 20:30:08 [debug    ] kelly.fraction                 b=1.1688 capped=0.0004 f_half=0.0004 losses=55 p=0.4615 wins=47
2026-08-02 20:30:08 [debug    ] mc_gate.check                  n=50 p95=0.2305 p99=0.2591
2026-08-02 20:30:08 [warning  ] mc_gate.blocked                p99=25.9
2026-08-02 20:30:08 [debug    ] kelly.fraction                 b=1.1688 capped=0.0004 f_half=0.0004 losses=55 p=0.4615 wins=47
2026-08-02 20:30:08 [debug    ] mc_gate.check                  n=50 p95=0.2291 p99=0.2638
2026-08-02 20:30:08 [warning  ] mc_gate.blocked                p99=26.4
2026-08-02 20:30:08 [debug    ] kelly.fraction                 b=1.1688 capped=0.0004 f_half=0.0004 losses=55 p=0.4615 wins=47
2026-08-02 20:30:08 [debug    ] mc_gate.check                  n=50 p95=0.2313 p99=0.2666
2026-08-02 20:30:08 [warning  ] mc_gate.blocked                p99=26.7
2026-08-02 20:30:08 [debug    ] kelly.fraction                 b=1.1688 capped=0.0004 f_half=0.0004 losses=55 p=0.4615 wins=47
2026-08-02 20:30:09 [debug    ] mc_gate.check                  n=50 p95=0.2249 p99=0.256
2026-08-02 20:30:09 [warning  ] mc_gate.blocked                p99=25.6
2026-08-02 20:30:09 [debug    ] kelly.fraction                 b=1.1688 capped=0.0004 f_half=0.0004 losses=55 p=0.4615 wins=47
2026-08-02 20:30:09 [debug    ] mc_gate.check                  n=50 p95=0.229 p99=0.2581
2026-08-02 20:30:09 [warning  ] mc_gate.blocked                p99=25.8
2026-08-02 20:30:09 [debug    ] kelly.fraction                 b=1.1688 capped=0.0004 f_half=0.0004 losses=55 p=0.4615 wins=47
2026-08-02 20:30:09 [debug    ] mc_gate.check                  n=50 p95=0.2316 p99=0.2732
2026-08-02 20:30:09 [warning  ] mc_gate.blocked                p99=27.3
2026-08-02 20:30:09 [debug    ] kelly.fraction                 b=1.1688 capped=0.0004 f_half=0.0004 losses=55 p=0.4615 wins=47
2026-08-02 20:30:09 [debug    ] mc_gate.check                  n=50 p95=0.2291 p99=0.2623
2026-08-02 20:30:09 [warning  ] mc_gate.blocked                p99=26.2
2026-08-02 20:30:09 [debug    ] kelly.fraction                 b=1.1688 capped=0.0004 f_half=0.0004 losses=55 p=0.4615 wins=47
2026-08-02 20:30:09 [debug    ] mc_gate.check                  n=50 p95=0.2307 p99=0.2502
2026-08-02 20:30:09 [warning  ] mc_gate.blocked                p99=25.0
2026-08-02 20:30:09 [debug    ] kelly.fraction                 b=1.1688 capped=0.0004 f_half=0.0004 losses=55 p=0.4615 wins=47
2026-08-02 20:30:09 [debug    ] mc_gate.check                  n=50 p95=0.2289 p99=0.2572
2026-08-02 20:30:09 [warning  ] mc_gate.blocked                p99=25.7
2026-08-02 20:30:09 [debug    ] kelly.fraction                 b=1.1688 capped=0.0004 f_half=0.0004 losses=55 p=0.4615 wins=47
2026-08-02 20:30:09 [debug    ] mc_gate.check                  n=50 p95=0.2304 p99=0.2566
2026-08-02 20:30:09 [warning  ] mc_gate.blocked                p99=25.7
2026-08-02 20:30:09 [debug    ] kelly.fraction                 b=1.1688 capped=0.0004 f_half=0.0004 losses=55 p=0.4615 wins=47
2026-08-02 20:30:09 [debug    ] mc_gate.check                  n=50 p95=0.2276 p99=0.2621
2026-08-02 20:30:09 [warning  ] mc_gate.blocked                p99=26.2
2026-08-02 20:30:09 [debug    ] kelly.fraction                 b=0.6082 capped=0.0 f_half=0.0 losses=4 p=0.2857 wins=1
2026-08-02 20:30:09 [debug    ] kelly.fraction                 b=1.1688 capped=0.0004 f_half=0.0004 losses=55 p=0.4615 wins=47
2026-08-02 20:30:09 [debug    ] mc_gate.check                  n=50 p95=0.2275 p99=0.2632
2026-08-02 20:30:09 [warning  ] mc_gate.blocked                p99=26.3
2026-08-02 20:30:09 [debug    ] kelly.fraction                 b=1.1688 capped=0.0004 f_half=0.0004 losses=55 p=0.4615 wins=47
2026-08-02 20:30:10 [debug    ] mc_gate.check                  n=50 p95=0.2328 p99=0.269
2026-08-02 20:30:10 [warning  ] mc_gate.blocked                p99=26.9
2026-08-02 20:30:10 [debug    ] kelly.fraction                 b=1.1688 capped=0.0004 f_half=0.0004 losses=55 p=0.4615 wins=47
2026-08-02 20:30:10 [debug    ] mc_gate.check                  n=50 p95=0.2268 p99=0.2585
2026-08-02 20:30:10 [warning  ] mc_gate.blocked                p99=25.8
2026-08-02 20:30:10 [debug    ] kelly.fraction                 b=1.1688 capped=0.0004 f_half=0.0004 losses=55 p=0.4615 wins=47
2026-08-02 20:30:10 [debug    ] mc_gate.check                  n=50 p95=0.2272 p99=0.2683
2026-08-02 20:30:10 [warning  ] mc_gate.blocked                p99=26.8
2026-08-02 20:30:10 [debug    ] kelly.fraction                 b=1.1688 capped=0.0004 f_half=0.0004 losses=55 p=0.4615 wins=47
2026-08-02 20:30:10 [debug    ] mc_gate.check                  n=50 p95=0.2316 p99=0.2676
2026-08-02 20:30:10 [warning  ] mc_gate.blocked                p99=26.8
2026-08-02 20:30:10 [debug    ] kelly.fraction                 b=1.1688 capped=0.0004 f_half=0.0004 losses=55 p=0.4615 wins=47
2026-08-02 20:30:10 [debug    ] mc_gate.check                  n=50 p95=0.2261 p99=0.2575
2026-08-02 20:30:10 [warning  ] mc_gate.blocked                p99=25.7
2026-08-02 20:30:10 [debug    ] kelly.fraction                 b=1.1688 capped=0.0004 f_half=0.0004 losses=55 p=0.4615 wins=47
2026-08-02 20:30:10 [debug    ] mc_gate.check                  n=50 p95=0.2317 p99=0.2649
2026-08-02 20:30:10 [warning  ] mc_gate.blocked                p99=26.5
2026-08-02 20:30:10 [debug    ] kelly.fraction                 b=1.1688 capped=0.0004 f_half=0.0004 losses=55 p=0.4615 wins=47
2026-08-02 20:30:10 [debug    ] mc_gate.check                  n=50 p95=0.2306 p99=0.2599
2026-08-02 20:30:10 [warning  ] mc_gate.blocked                p99=26.0
2026-08-02 20:30:10 [debug    ] kelly.fraction                 b=1.1688 capped=0.0004 f_half=0.0004 losses=55 p=0.4615 wins=47
2026-08-02 20:30:10 [debug    ] mc_gate.check                  n=50 p95=0.2292 p99=0.2709
2026-08-02 20:30:10 [warning  ] mc_gate.blocked                p99=27.1
2026-08-02 20:30:10 [debug    ] kelly.fraction                 b=1.1688 capped=0.0004 f_half=0.0004 losses=55 p=0.4615 wins=47
2026-08-02 20:30:10 [debug    ] mc_gate.check                  n=50 p95=0.2307 p99=0.258
2026-08-02 20:30:10 [warning  ] mc_gate.blocked                p99=25.8
2026-08-02 20:30:10 [debug    ] kelly.fraction                 b=1.1688 capped=0.0004 f_half=0.0004 losses=55 p=0.4615 wins=47
2026-08-02 20:30:11 [debug    ] mc_gate.check                  n=50 p95=0.229 p99=0.2528
2026-08-02 20:30:11 [warning  ] mc_gate.blocked                p99=25.3
2026-08-02 20:30:11 [debug    ] kelly.fraction                 b=1.1688 capped=0.0004 f_half=0.0004 losses=55 p=0.4615 wins=47
2026-08-02 20:30:11 [debug    ] mc_gate.check                  n=50 p95=0.2329 p99=0.2646
2026-08-02 20:30:11 [warning  ] mc_gate.blocked                p99=26.5
2026-08-02 20:30:11 [debug    ] kelly.fraction                 b=1.1688 capped=0.0004 f_half=0.0004 losses=55 p=0.4615 wins=47
2026-08-02 20:30:11 [debug    ] mc_gate.check                  n=50 p95=0.2299 p99=0.2663
2026-08-02 20:30:11 [warning  ] mc_gate.blocked                p99=26.6
2026-08-02 20:30:11 [debug    ] kelly.fraction                 b=1.1688 capped=0.0004 f_half=0.0004 losses=55 p=0.4615 wins=47
2026-08-02 20:30:11 [debug    ] mc_gate.check                  n=50 p95=0.2263 p99=0.2587
2026-08-02 20:30:11 [warning  ] mc_gate.blocked                p99=25.9
2026-08-02 20:30:11 [debug    ] kelly.fraction                 b=1.1688 capped=0.0004 f_half=0.0004 losses=55 p=0.4615 wins=47
2026-08-02 20:30:11 [debug    ] mc_gate.check                  n=50 p95=0.2338 p99=0.2632
2026-08-02 20:30:11 [warning  ] mc_gate.blocked                p99=26.3
2026-08-02 20:30:11 [debug    ] kelly.fraction                 b=1.1688 capped=0.0004 f_half=0.0004 losses=55 p=0.4615 wins=47
2026-08-02 20:30:11 [debug    ] mc_gate.check                  n=50 p95=0.2309 p99=0.2664
2026-08-02 20:30:11 [warning  ] mc_gate.blocked                p99=26.6
2026-08-02 20:30:11 [debug    ] kelly.fraction                 b=1.1688 capped=0.0004 f_half=0.0004 losses=55 p=0.4615 wins=47
2026-08-02 20:30:11 [debug    ] mc_gate.check                  n=50 p95=0.2284 p99=0.2618
2026-08-02 20:30:11 [warning  ] mc_gate.blocked                p99=26.2
2026-08-02 20:30:11 [debug    ] kelly.fraction                 b=1.1688 capped=0.0004 f_half=0.0004 losses=55 p=0.4615 wins=47
2026-08-02 20:30:11 [debug    ] mc_gate.check                  n=50 p95=0.2296 p99=0.2585
2026-08-02 20:30:11 [warning  ] mc_gate.blocked                p99=25.8
2026-08-02 20:30:11 [debug    ] kelly.fraction                 b=0.432 capped=0.0 f_half=0.0 losses=4 p=0.375 wins=2
2026-08-02 20:30:11 [debug    ] kelly.fraction                 b=1.1688 capped=0.0004 f_half=0.0004 losses=55 p=0.4615 wins=47
2026-08-02 20:30:11 [debug    ] mc_gate.check                  n=50 p95=0.2304 p99=0.2702
2026-08-02 20:30:11 [warning  ] mc_gate.blocked                p99=27.0
2026-08-02 20:30:11 [debug    ] kelly.fraction                 b=1.1688 capped=0.0004 f_half=0.0004 losses=55 p=0.4615 wins=47
2026-08-02 20:30:12 [debug    ] mc_gate.check                  n=50 p95=0.2333 p99=0.261
2026-08-02 20:30:12 [warning  ] mc_gate.blocked                p99=26.1
2026-08-02 20:30:12 [debug    ] kelly.fraction                 b=1.1688 capped=0.0004 f_half=0.0004 losses=55 p=0.4615 wins=47
2026-08-02 20:30:12 [debug    ] mc_gate.check                  n=50 p95=0.2286 p99=0.2576
2026-08-02 20:30:12 [warning  ] mc_gate.blocked                p99=25.8
2026-08-02 20:30:12 [debug    ] kelly.fraction                 b=1.1688 capped=0.0004 f_half=0.0004 losses=55 p=0.4615 wins=47
2026-08-02 20:30:12 [debug    ] mc_gate.check                  n=50 p95=0.2307 p99=0.258
2026-08-02 20:30:12 [warning  ] mc_gate.blocked                p99=25.8
2026-08-02 20:30:12 [debug    ] kelly.fraction                 b=1.1688 capped=0.0004 f_half=0.0004 losses=55 p=0.4615 wins=47
2026-08-02 20:30:12 [debug    ] mc_gate.check                  n=50 p95=0.2261 p99=0.2505
2026-08-02 20:30:12 [warning  ] mc_gate.blocked                p99=25.0
2026-08-02 20:30:12 [debug    ] kelly.fraction                 b=1.1688 capped=0.0004 f_half=0.0004 losses=55 p=0.4615 wins=47
2026-08-02 20:30:12 [debug    ] mc_gate.check                  n=50 p95=0.2234 p99=0.2515
2026-08-02 20:30:12 [warning  ] mc_gate.blocked                p99=25.2
2026-08-02 20:30:12 [debug    ] kelly.fraction                 b=1.1688 capped=0.0004 f_half=0.0004 losses=55 p=0.4615 wins=47
2026-08-02 20:30:12 [debug    ] mc_gate.check                  n=50 p95=0.2282 p99=0.2569
2026-08-02 20:30:12 [warning  ] mc_gate.blocked                p99=25.7
2026-08-02 20:30:12 [debug    ] kelly.fraction                 b=1.1688 capped=0.0004 f_half=0.0004 losses=55 p=0.4615 wins=47
2026-08-02 20:30:12 [debug    ] mc_gate.check                  n=50 p95=0.2269 p99=0.2584
2026-08-02 20:30:12 [warning  ] mc_gate.blocked                p99=25.8
2026-08-02 20:30:12 [debug    ] kelly.fraction                 b=1.1688 capped=0.0004 f_half=0.0004 losses=55 p=0.4615 wins=47
2026-08-02 20:30:12 [debug    ] mc_gate.check                  n=50 p95=0.2306 p99=0.2495
2026-08-02 20:30:12 [info     ] mc_gate.halved                 new_size=0.0002 p95=23.1
2026-08-02 20:30:12 [debug    ] kelly.fraction                 b=1.1688 capped=0.0004 f_half=0.0004 losses=55 p=0.4615 wins=47
2026-08-02 20:30:12 [debug    ] mc_gate.check                  n=50 p95=0.2302 p99=0.2642
2026-08-02 20:30:12 [warning  ] mc_gate.blocked                p99=26.4
2026-08-02 20:30:12 [debug    ] kelly.fraction                 b=1.1688 capped=0.0004 f_half=0.0004 losses=55 p=0.4615 wins=47
2026-08-02 20:30:13 [debug    ] mc_gate.check                  n=50 p95=0.2301 p99=0.2618
2026-08-02 20:30:13 [warning  ] mc_gate.blocked                p99=26.2
2026-08-02 20:30:13 [debug    ] kelly.fraction                 b=1.1688 capped=0.0004 f_half=0.0004 losses=55 p=0.4615 wins=47
2026-08-02 20:30:13 [debug    ] mc_gate.check                  n=50 p95=0.2334 p99=0.2673
2026-08-02 20:30:13 [warning  ] mc_gate.blocked                p99=26.7
2026-08-02 20:30:13 [debug    ] kelly.fraction                 b=1.1688 capped=0.0004 f_half=0.0004 losses=55 p=0.4615 wins=47
2026-08-02 20:30:13 [debug    ] mc_gate.check                  n=50 p95=0.2311 p99=0.2682
2026-08-02 20:30:13 [warning  ] mc_gate.blocked                p99=26.8
2026-08-02 20:30:13 [debug    ] kelly.fraction                 b=1.1688 capped=0.0004 f_half=0.0004 losses=55 p=0.4615 wins=47
2026-08-02 20:30:13 [debug    ] mc_gate.check                  n=50 p95=0.2318 p99=0.2598
2026-08-02 20:30:13 [warning  ] mc_gate.blocked                p99=26.0
2026-08-02 20:30:13 [debug    ] kelly.fraction                 b=1.1688 capped=0.0004 f_half=0.0004 losses=55 p=0.4615 wins=47
2026-08-02 20:30:13 [debug    ] mc_gate.check                  n=50 p95=0.2281 p99=0.2647
2026-08-02 20:30:13 [warning  ] mc_gate.blocked                p99=26.5
2026-08-02 20:30:13 [debug    ] kelly.fraction                 b=1.1688 capped=0.0004 f_half=0.0004 losses=55 p=0.4615 wins=47
2026-08-02 20:30:13 [debug    ] mc_gate.check                  n=50 p95=0.2315 p99=0.2702
2026-08-02 20:30:13 [warning  ] mc_gate.blocked                p99=27.0
2026-08-02 20:30:13 [debug    ] kelly.fraction                 b=1.1688 capped=0.0004 f_half=0.0004 losses=55 p=0.4615 wins=47
2026-08-02 20:30:13 [debug    ] mc_gate.check                  n=50 p95=0.2309 p99=0.2599
2026-08-02 20:30:13 [warning  ] mc_gate.blocked                p99=26.0
2026-08-02 20:30:13 [debug    ] kelly.fraction                 b=1.1688 capped=0.0004 f_half=0.0004 losses=55 p=0.4615 wins=47
2026-08-02 20:30:13 [debug    ] mc_gate.check                  n=50 p95=0.2272 p99=0.2557
2026-08-02 20:30:13 [warning  ] mc_gate.blocked                p99=25.6
2026-08-02 20:30:13 [debug    ] kelly.fraction                 b=1.1688 capped=0.0004 f_half=0.0004 losses=55 p=0.4615 wins=47
2026-08-02 20:30:13 [debug    ] mc_gate.check                  n=50 p95=0.2277 p99=0.2562
2026-08-02 20:30:13 [warning  ] mc_gate.blocked                p99=25.6
2026-08-02 20:30:13 [debug    ] kelly.fraction                 b=1.1688 capped=0.0004 f_half=0.0004 losses=55 p=0.4615 wins=47
2026-08-02 20:30:14 [debug    ] mc_gate.check                  n=50 p95=0.2302 p99=0.2587
2026-08-02 20:30:14 [warning  ] mc_gate.blocked                p99=25.9
2026-08-02 20:30:14 [debug    ] kelly.fraction                 b=1.1688 capped=0.0004 f_half=0.0004 losses=55 p=0.4615 wins=47
2026-08-02 20:30:14 [debug    ] mc_gate.check                  n=50 p95=0.2315 p99=0.2545
2026-08-02 20:30:14 [warning  ] mc_gate.blocked                p99=25.4
2026-08-02 20:30:14 [debug    ] kelly.fraction                 b=1.1688 capped=0.0004 f_half=0.0004 losses=55 p=0.4615 wins=47
2026-08-02 20:30:14 [debug    ] mc_gate.check                  n=50 p95=0.2275 p99=0.2548
2026-08-02 20:30:14 [warning  ] mc_gate.blocked                p99=25.5
2026-08-02 20:30:14 [debug    ] kelly.fraction                 b=1.1688 capped=0.0004 f_half=0.0004 losses=55 p=0.4615 wins=47
2026-08-02 20:30:14 [debug    ] mc_gate.check                  n=50 p95=0.2307 p99=0.258
2026-08-02 20:30:14 [warning  ] mc_gate.blocked                p99=25.8
2026-08-02 20:30:14 [debug    ] kelly.fraction                 b=1.1688 capped=0.0004 f_half=0.0004 losses=55 p=0.4615 wins=47
2026-08-02 20:30:14 [debug    ] mc_gate.check                  n=50 p95=0.2324 p99=0.2586
2026-08-02 20:30:14 [warning  ] mc_gate.blocked                p99=25.9
2026-08-02 20:30:14 [debug    ] kelly.fraction                 b=1.1688 capped=0.0004 f_half=0.0004 losses=55 p=0.4615 wins=47
2026-08-02 20:30:14 [debug    ] mc_gate.check                  n=50 p95=0.2324 p99=0.26
2026-08-02 20:30:14 [warning  ] mc_gate.blocked                p99=26.0
2026-08-02 20:30:14 [debug    ] kelly.fraction                 b=1.1688 capped=0.0004 f_half=0.0004 losses=55 p=0.4615 wins=47
2026-08-02 20:30:14 [debug    ] mc_gate.check                  n=50 p95=0.2289 p99=0.2549
2026-08-02 20:30:14 [warning  ] mc_gate.blocked                p99=25.5
2026-08-02 20:30:14 [debug    ] kelly.fraction                 b=1.1688 capped=0.0004 f_half=0.0004 losses=55 p=0.4615 wins=47
2026-08-02 20:30:14 [debug    ] mc_gate.check                  n=50 p95=0.2236 p99=0.2522
2026-08-02 20:30:14 [warning  ] mc_gate.blocked                p99=25.2
2026-08-02 20:30:14 [debug    ] kelly.fraction                 b=1.1688 capped=0.0004 f_half=0.0004 losses=55 p=0.4615 wins=47
2026-08-02 20:30:15 [debug    ] mc_gate.check                  n=50 p95=0.2278 p99=0.2573
2026-08-02 20:30:15 [warning  ] mc_gate.blocked                p99=25.7
2026-08-02 20:30:15 [debug    ] kelly.fraction                 b=1.1688 capped=0.0004 f_half=0.0004 losses=55 p=0.4615 wins=47
2026-08-02 20:30:15 [debug    ] mc_gate.check                  n=50 p95=0.2338 p99=0.2513
2026-08-02 20:30:15 [warning  ] mc_gate.blocked                p99=25.1
2026-08-02 20:30:15 [debug    ] kelly.fraction                 b=1.1688 capped=0.0004 f_half=0.0004 losses=55 p=0.4615 wins=47
2026-08-02 20:30:15 [debug    ] mc_gate.check                  n=50 p95=0.2252 p99=0.253
2026-08-02 20:30:15 [warning  ] mc_gate.blocked                p99=25.3
2026-08-02 20:30:15 [debug    ] kelly.fraction                 b=1.1688 capped=0.0004 f_half=0.0004 losses=55 p=0.4615 wins=47
2026-08-02 20:30:15 [debug    ] mc_gate.check                  n=50 p95=0.2324 p99=0.2605
2026-08-02 20:30:15 [warning  ] mc_gate.blocked                p99=26.1
2026-08-02 20:30:15 [debug    ] kelly.fraction                 b=1.1688 capped=0.0004 f_half=0.0004 losses=55 p=0.4615 wins=47
2026-08-02 20:30:15 [debug    ] mc_gate.check                  n=50 p95=0.2306 p99=0.2648
2026-08-02 20:30:15 [warning  ] mc_gate.blocked                p99=26.5
2026-08-02 20:30:15 [debug    ] kelly.fraction                 b=1.1688 capped=0.0004 f_half=0.0004 losses=55 p=0.4615 wins=47
2026-08-02 20:30:15 [debug    ] mc_gate.check                  n=50 p95=0.2328 p99=0.2668
2026-08-02 20:30:15 [warning  ] mc_gate.blocked                p99=26.7
2026-08-02 20:30:15 [debug    ] kelly.fraction                 b=1.1688 capped=0.0004 f_half=0.0004 losses=55 p=0.4615 wins=47
2026-08-02 20:30:15 [debug    ] mc_gate.check                  n=50 p95=0.2308 p99=0.2612
2026-08-02 20:30:15 [warning  ] mc_gate.blocked                p99=26.1
2026-08-02 20:30:15 [debug    ] kelly.fraction                 b=1.1688 capped=0.0004 f_half=0.0004 losses=55 p=0.4615 wins=47
2026-08-02 20:30:15 [debug    ] mc_gate.check                  n=50 p95=0.2275 p99=0.2599
2026-08-02 20:30:15 [warning  ] mc_gate.blocked                p99=26.0
2026-08-02 20:30:15 [debug    ] kelly.fraction                 b=1.1688 capped=0.0004 f_half=0.0004 losses=55 p=0.4615 wins=47
2026-08-02 20:30:15 [debug    ] mc_gate.check                  n=50 p95=0.2293 p99=0.2583
2026-08-02 20:30:15 [warning  ] mc_gate.blocked                p99=25.8
2026-08-02 20:30:15 [debug    ] kelly.fraction                 b=1.1688 capped=0.0004 f_half=0.0004 losses=55 p=0.4615 wins=47
2026-08-02 20:30:16 [debug    ] mc_gate.check                  n=50 p95=0.2335 p99=0.2619
2026-08-02 20:30:16 [warning  ] mc_gate.blocked                p99=26.2
2026-08-02 20:30:16 [debug    ] kelly.fraction                 b=1.1688 capped=0.0004 f_half=0.0004 losses=55 p=0.4615 wins=47
2026-08-02 20:30:16 [debug    ] mc_gate.check                  n=50 p95=0.2315 p99=0.2637
2026-08-02 20:30:16 [warning  ] mc_gate.blocked                p99=26.4
2026-08-02 20:30:16 [debug    ] kelly.fraction                 b=1.1688 capped=0.0004 f_half=0.0004 losses=55 p=0.4615 wins=47
2026-08-02 20:30:16 [debug    ] mc_gate.check                  n=50 p95=0.2334 p99=0.2621
2026-08-02 20:30:16 [warning  ] mc_gate.blocked                p99=26.2
2026-08-02 20:30:16 [debug    ] kelly.fraction                 b=1.1688 capped=0.0004 f_half=0.0004 losses=55 p=0.4615 wins=47
2026-08-02 20:30:16 [debug    ] mc_gate.check                  n=50 p95=0.2293 p99=0.2536
2026-08-02 20:30:16 [warning  ] mc_gate.blocked                p99=25.4
2026-08-02 20:30:16 [debug    ] kelly.fraction                 b=1.1688 capped=0.0004 f_half=0.0004 losses=55 p=0.4615 wins=47
2026-08-02 20:30:16 [debug    ] mc_gate.check                  n=50 p95=0.2294 p99=0.2559
2026-08-02 20:30:16 [warning  ] mc_gate.blocked                p99=25.6
2026-08-02 20:30:16 [debug    ] kelly.fraction                 b=1.1688 capped=0.0004 f_half=0.0004 losses=55 p=0.4615 wins=47
2026-08-02 20:30:16 [debug    ] mc_gate.check                  n=50 p95=0.2346 p99=0.2619
2026-08-02 20:30:16 [warning  ] mc_gate.blocked                p99=26.2
2026-08-02 20:30:16 [debug    ] kelly.fraction                 b=1.1688 capped=0.0004 f_half=0.0004 losses=55 p=0.4615 wins=47
2026-08-02 20:30:16 [debug    ] mc_gate.check                  n=50 p95=0.2248 p99=0.2576
2026-08-02 20:30:16 [warning  ] mc_gate.blocked                p99=25.8
2026-08-02 20:30:16 [debug    ] kelly.fraction                 b=1.1688 capped=0.0004 f_half=0.0004 losses=55 p=0.4615 wins=47
2026-08-02 20:30:16 [debug    ] mc_gate.check                  n=50 p95=0.2298 p99=0.2566
2026-08-02 20:30:16 [warning  ] mc_gate.blocked                p99=25.7
2026-08-02 20:30:16 [debug    ] kelly.fraction                 b=1.1688 capped=0.0004 f_half=0.0004 losses=55 p=0.4615 wins=47
2026-08-02 20:30:17 [debug    ] mc_gate.check                  n=50 p95=0.227 p99=0.2551
2026-08-02 20:30:17 [warning  ] mc_gate.blocked                p99=25.5
2026-08-02 20:30:17 [debug    ] kelly.fraction                 b=1.1688 capped=0.0004 f_half=0.0004 losses=55 p=0.4615 wins=47
2026-08-02 20:30:17 [debug    ] mc_gate.check                  n=50 p95=0.2244 p99=0.2649
2026-08-02 20:30:17 [warning  ] mc_gate.blocked                p99=26.5
2026-08-02 20:30:17 [debug    ] kelly.fraction                 b=1.1688 capped=0.0004 f_half=0.0004 losses=55 p=0.4615 wins=47
2026-08-02 20:30:17 [debug    ] mc_gate.check                  n=50 p95=0.2291 p99=0.2588
2026-08-02 20:30:17 [warning  ] mc_gate.blocked                p99=25.9
2026-08-02 20:30:17 [debug    ] kelly.fraction                 b=1.1688 capped=0.0004 f_half=0.0004 losses=55 p=0.4615 wins=47
2026-08-02 20:30:17 [debug    ] mc_gate.check                  n=50 p95=0.2314 p99=0.2594
2026-08-02 20:30:17 [warning  ] mc_gate.blocked                p99=25.9
2026-08-02 20:30:17 [debug    ] kelly.fraction                 b=1.1688 capped=0.0004 f_half=0.0004 losses=55 p=0.4615 wins=47
2026-08-02 20:30:17 [debug    ] mc_gate.check                  n=50 p95=0.2329 p99=0.2547
2026-08-02 20:30:17 [warning  ] mc_gate.blocked                p99=25.5
2026-08-02 20:30:17 [debug    ] kelly.fraction                 b=1.1688 capped=0.0004 f_half=0.0004 losses=55 p=0.4615 wins=47
2026-08-02 20:30:17 [debug    ] mc_gate.check                  n=50 p95=0.2328 p99=0.2606
2026-08-02 20:30:17 [warning  ] mc_gate.blocked                p99=26.1
2026-08-02 20:30:17 [debug    ] kelly.fraction                 b=1.1688 capped=0.0004 f_half=0.0004 losses=55 p=0.4615 wins=47
2026-08-02 20:30:17 [debug    ] mc_gate.check                  n=50 p95=0.225 p99=0.2582
2026-08-02 20:30:17 [warning  ] mc_gate.blocked                p99=25.8
2026-08-02 20:30:17 [debug    ] kelly.fraction                 b=1.1688 capped=0.0004 f_half=0.0004 losses=55 p=0.4615 wins=47
2026-08-02 20:30:17 [debug    ] mc_gate.check                  n=50 p95=0.2263 p99=0.2518
2026-08-02 20:30:17 [warning  ] mc_gate.blocked                p99=25.2
2026-08-02 20:30:17 [debug    ] kelly.fraction                 b=1.1688 capped=0.0004 f_half=0.0004 losses=55 p=0.4615 wins=47
2026-08-02 20:30:17 [debug    ] mc_gate.check                  n=50 p95=0.2331 p99=0.2671
2026-08-02 20:30:17 [warning  ] mc_gate.blocked                p99=26.7
2026-08-02 20:30:17 [debug    ] kelly.fraction                 b=1.1688 capped=0.0004 f_half=0.0004 losses=55 p=0.4615 wins=47
2026-08-02 20:30:18 [debug    ] mc_gate.check                  n=50 p95=0.2308 p99=0.254
2026-08-02 20:30:18 [warning  ] mc_gate.blocked                p99=25.4
2026-08-02 20:30:18 [debug    ] kelly.fraction                 b=1.1688 capped=0.0004 f_half=0.0004 losses=55 p=0.4615 wins=47
2026-08-02 20:30:18 [debug    ] mc_gate.check                  n=50 p95=0.2314 p99=0.2688
2026-08-02 20:30:18 [warning  ] mc_gate.blocked                p99=26.9
2026-08-02 20:30:18 [debug    ] kelly.fraction                 b=1.1688 capped=0.0004 f_half=0.0004 losses=55 p=0.4615 wins=47
2026-08-02 20:30:18 [debug    ] mc_gate.check                  n=50 p95=0.2271 p99=0.2619
2026-08-02 20:30:18 [warning  ] mc_gate.blocked                p99=26.2
2026-08-02 20:30:18 [debug    ] kelly.fraction                 b=1.1688 capped=0.0004 f_half=0.0004 losses=55 p=0.4615 wins=47
2026-08-02 20:30:18 [debug    ] mc_gate.check                  n=50 p95=0.228 p99=0.2644
2026-08-02 20:30:18 [warning  ] mc_gate.blocked                p99=26.4
2026-08-02 20:30:18 [debug    ] kelly.fraction                 b=1.1688 capped=0.0004 f_half=0.0004 losses=55 p=0.4615 wins=47
2026-08-02 20:30:18 [debug    ] mc_gate.check                  n=50 p95=0.2338 p99=0.2637
2026-08-02 20:30:18 [warning  ] mc_gate.blocked                p99=26.4
2026-08-02 20:30:18 [debug    ] kelly.fraction                 b=1.1688 capped=0.0004 f_half=0.0004 losses=55 p=0.4615 wins=47
2026-08-02 20:30:18 [debug    ] mc_gate.check                  n=50 p95=0.2271 p99=0.2536
2026-08-02 20:30:18 [warning  ] mc_gate.blocked                p99=25.4
2026-08-02 20:30:18 [debug    ] kelly.fraction                 b=1.1688 capped=0.0004 f_half=0.0004 losses=55 p=0.4615 wins=47
2026-08-02 20:30:18 [debug    ] mc_gate.check                  n=50 p95=0.2274 p99=0.2667
2026-08-02 20:30:18 [warning  ] mc_gate.blocked                p99=26.7
2026-08-02 20:30:18 [debug    ] kelly.fraction                 b=1.1688 capped=0.0004 f_half=0.0004 losses=55 p=0.4615 wins=47
2026-08-02 20:30:18 [debug    ] mc_gate.check                  n=50 p95=0.2246 p99=0.2527
2026-08-02 20:30:18 [warning  ] mc_gate.blocked                p99=25.3
2026-08-02 20:30:18 [debug    ] kelly.fraction                 b=1.1688 capped=0.0004 f_half=0.0004 losses=55 p=0.4615 wins=47
2026-08-02 20:30:18 [debug    ] mc_gate.check                  n=50 p95=0.2301 p99=0.2617
2026-08-02 20:30:18 [warning  ] mc_gate.blocked                p99=26.2
2026-08-02 20:30:18 [debug    ] kelly.fraction                 b=1.1688 capped=0.0004 f_half=0.0004 losses=55 p=0.4615 wins=47
2026-08-02 20:30:19 [debug    ] mc_gate.check                  n=50 p95=0.2307 p99=0.2657
2026-08-02 20:30:19 [warning  ] mc_gate.blocked                p99=26.6
2026-08-02 20:30:19 [debug    ] kelly.fraction                 b=1.1688 capped=0.0004 f_half=0.0004 losses=55 p=0.4615 wins=47
2026-08-02 20:30:19 [debug    ] mc_gate.check                  n=50 p95=0.2325 p99=0.2576
2026-08-02 20:30:19 [warning  ] mc_gate.blocked                p99=25.8
2026-08-02 20:30:19 [debug    ] kelly.fraction                 b=1.1688 capped=0.0004 f_half=0.0004 losses=55 p=0.4615 wins=47
2026-08-02 20:30:19 [debug    ] mc_gate.check                  n=50 p95=0.2362 p99=0.2557
2026-08-02 20:30:19 [warning  ] mc_gate.blocked                p99=25.6
2026-08-02 20:30:19 [debug    ] kelly.fraction                 b=1.1688 capped=0.0004 f_half=0.0004 losses=55 p=0.4615 wins=47
2026-08-02 20:30:19 [debug    ] mc_gate.check                  n=50 p95=0.2277 p99=0.2596
2026-08-02 20:30:19 [warning  ] mc_gate.blocked                p99=26.0
2026-08-02 20:30:19 [debug    ] kelly.fraction                 b=1.1688 capped=0.0004 f_half=0.0004 losses=55 p=0.4615 wins=47
2026-08-02 20:30:19 [debug    ] mc_gate.check                  n=50 p95=0.229 p99=0.2656
2026-08-02 20:30:19 [warning  ] mc_gate.blocked                p99=26.6
2026-08-02 20:30:19 [debug    ] kelly.fraction                 b=1.1688 capped=0.0004 f_half=0.0004 losses=55 p=0.4615 wins=47
2026-08-02 20:30:19 [debug    ] mc_gate.check                  n=50 p95=0.2303 p99=0.2578
2026-08-02 20:30:19 [warning  ] mc_gate.blocked                p99=25.8
2026-08-02 20:30:19 [debug    ] kelly.fraction                 b=1.1688 capped=0.0004 f_half=0.0004 losses=55 p=0.4615 wins=47
2026-08-02 20:30:19 [debug    ] mc_gate.check                  n=50 p95=0.2314 p99=0.2662
2026-08-02 20:30:19 [warning  ] mc_gate.blocked                p99=26.6
2026-08-02 20:30:19 [debug    ] kelly.fraction                 b=1.1688 capped=0.0004 f_half=0.0004 losses=55 p=0.4615 wins=47
2026-08-02 20:30:19 [debug    ] mc_gate.check                  n=50 p95=0.2274 p99=0.262
2026-08-02 20:30:19 [warning  ] mc_gate.blocked                p99=26.2
2026-08-02 20:30:19 [debug    ] kelly.fraction                 b=1.1688 capped=0.0004 f_half=0.0004 losses=55 p=0.4615 wins=47
2026-08-02 20:30:19 [debug    ] mc_gate.check                  n=50 p95=0.2305 p99=0.2564
2026-08-02 20:30:19 [warning  ] mc_gate.blocked                p99=25.6
2026-08-02 20:30:19 [debug    ] kelly.fraction                 b=1.1688 capped=0.0004 f_half=0.0004 losses=55 p=0.4615 wins=47
2026-08-02 20:30:19 [debug    ] mc_gate.check                  n=50 p95=0.2305 p99=0.2649
2026-08-02 20:30:19 [warning  ] mc_gate.blocked                p99=26.5
2026-08-02 20:30:19 [debug    ] kelly.fraction                 b=0.406 capped=0.0 f_half=0.0 losses=5 p=0.3333 wins=2
2026-08-02 20:30:19 [debug    ] kelly.fraction                 b=1.1688 capped=0.0004 f_half=0.0004 losses=55 p=0.4615 wins=47
2026-08-02 20:30:20 [debug    ] mc_gate.check                  n=50 p95=0.224 p99=0.2556
2026-08-02 20:30:20 [warning  ] mc_gate.blocked                p99=25.6
2026-08-02 20:30:20 [debug    ] kelly.fraction                 b=1.1688 capped=0.0004 f_half=0.0004 losses=55 p=0.4615 wins=47
2026-08-02 20:30:20 [debug    ] mc_gate.check                  n=50 p95=0.2292 p99=0.2603
2026-08-02 20:30:20 [warning  ] mc_gate.blocked                p99=26.0
2026-08-02 20:30:20 [debug    ] kelly.fraction                 b=1.1688 capped=0.0004 f_half=0.0004 losses=55 p=0.4615 wins=47
2026-08-02 20:30:20 [debug    ] mc_gate.check                  n=50 p95=0.2276 p99=0.2627
2026-08-02 20:30:20 [warning  ] mc_gate.blocked                p99=26.3
2026-08-02 20:30:20 [debug    ] kelly.fraction                 b=1.1688 capped=0.0004 f_half=0.0004 losses=55 p=0.4615 wins=47
2026-08-02 20:30:20 [debug    ] mc_gate.check                  n=50 p95=0.2287 p99=0.2619
2026-08-02 20:30:20 [warning  ] mc_gate.blocked                p99=26.2
2026-08-02 20:30:20 [debug    ] kelly.fraction                 b=1.1688 capped=0.0004 f_half=0.0004 losses=55 p=0.4615 wins=47
2026-08-02 20:30:20 [debug    ] mc_gate.check                  n=50 p95=0.2306 p99=0.2626
2026-08-02 20:30:20 [warning  ] mc_gate.blocked                p99=26.3
2026-08-02 20:30:20 [debug    ] kelly.fraction                 b=1.1688 capped=0.0004 f_half=0.0004 losses=55 p=0.4615 wins=47
2026-08-02 20:30:20 [debug    ] mc_gate.check                  n=50 p95=0.2299 p99=0.2682
2026-08-02 20:30:20 [warning  ] mc_gate.blocked                p99=26.8
2026-08-02 20:30:20 [debug    ] kelly.fraction                 b=1.1688 capped=0.0004 f_half=0.0004 losses=55 p=0.4615 wins=47
2026-08-02 20:30:20 [debug    ] mc_gate.check                  n=50 p95=0.2284 p99=0.2559
2026-08-02 20:30:20 [warning  ] mc_gate.blocked                p99=25.6
2026-08-02 20:30:20 [debug    ] kelly.fraction                 b=1.1688 capped=0.0004 f_half=0.0004 losses=55 p=0.4615 wins=47
2026-08-02 20:30:20 [debug    ] mc_gate.check                  n=50 p95=0.2291 p99=0.2514
2026-08-02 20:30:20 [warning  ] mc_gate.blocked                p99=25.1
2026-08-02 20:30:20 [debug    ] kelly.fraction                 b=1.1688 capped=0.0004 f_half=0.0004 losses=55 p=0.4615 wins=47
2026-08-02 20:30:20 [debug    ] mc_gate.check                  n=50 p95=0.2291 p99=0.2543
2026-08-02 20:30:20 [warning  ] mc_gate.blocked                p99=25.4
2026-08-02 20:30:20 [debug    ] kelly.fraction                 b=1.1688 capped=0.0004 f_half=0.0004 losses=55 p=0.4615 wins=47
2026-08-02 20:30:21 [debug    ] mc_gate.check                  n=50 p95=0.2313 p99=0.2668
2026-08-02 20:30:21 [warning  ] mc_gate.blocked                p99=26.7
2026-08-02 20:30:21 [debug    ] kelly.fraction                 b=1.1688 capped=0.0004 f_half=0.0004 losses=55 p=0.4615 wins=47
2026-08-02 20:30:21 [debug    ] mc_gate.check                  n=50 p95=0.2274 p99=0.2578
2026-08-02 20:30:21 [warning  ] mc_gate.blocked                p99=25.8
2026-08-02 20:30:21 [debug    ] kelly.fraction                 b=1.1688 capped=0.0004 f_half=0.0004 losses=55 p=0.4615 wins=47
2026-08-02 20:30:21 [debug    ] mc_gate.check                  n=50 p95=0.2255 p99=0.261
2026-08-02 20:30:21 [warning  ] mc_gate.blocked                p99=26.1
2026-08-02 20:30:21 [debug    ] kelly.fraction                 b=1.1688 capped=0.0004 f_half=0.0004 losses=55 p=0.4615 wins=47
2026-08-02 20:30:21 [debug    ] mc_gate.check                  n=50 p95=0.2275 p99=0.2612
2026-08-02 20:30:21 [warning  ] mc_gate.blocked                p99=26.1
2026-08-02 20:30:21 [debug    ] kelly.fraction                 b=1.1688 capped=0.0004 f_half=0.0004 losses=55 p=0.4615 wins=47
2026-08-02 20:30:21 [debug    ] mc_gate.check                  n=50 p95=0.2293 p99=0.2606
2026-08-02 20:30:21 [warning  ] mc_gate.blocked                p99=26.1
2026-08-02 20:30:21 [debug    ] kelly.fraction                 b=1.1688 capped=0.0004 f_half=0.0004 losses=55 p=0.4615 wins=47
2026-08-02 20:30:21 [debug    ] mc_gate.check                  n=50 p95=0.2298 p99=0.2599
2026-08-02 20:30:21 [warning  ] mc_gate.blocked                p99=26.0
2026-08-02 20:30:21 [debug    ] kelly.fraction                 b=1.1688 capped=0.0004 f_half=0.0004 losses=55 p=0.4615 wins=47
2026-08-02 20:30:21 [debug    ] mc_gate.check                  n=50 p95=0.2326 p99=0.2604
2026-08-02 20:30:21 [warning  ] mc_gate.blocked                p99=26.0
2026-08-02 20:30:21 [debug    ] kelly.fraction                 b=1.1688 capped=0.0004 f_half=0.0004 losses=55 p=0.4615 wins=47
2026-08-02 20:30:21 [debug    ] mc_gate.check                  n=50 p95=0.2308 p99=0.2629
2026-08-02 20:30:21 [warning  ] mc_gate.blocked                p99=26.3
2026-08-02 20:30:21 [debug    ] kelly.fraction                 b=1.1688 capped=0.0004 f_half=0.0004 losses=55 p=0.4615 wins=47
2026-08-02 20:30:21 [debug    ] mc_gate.check                  n=50 p95=0.2294 p99=0.2571
2026-08-02 20:30:21 [warning  ] mc_gate.blocked                p99=25.7
2026-08-02 20:30:21 [debug    ] kelly.fraction                 b=1.1688 capped=0.0004 f_half=0.0004 losses=55 p=0.4615 wins=47
2026-08-02 20:30:22 [debug    ] mc_gate.check                  n=50 p95=0.2284 p99=0.2682
2026-08-02 20:30:22 [warning  ] mc_gate.blocked                p99=26.8
2026-08-02 20:30:22 [debug    ] kelly.fraction                 b=1.1688 capped=0.0004 f_half=0.0004 losses=55 p=0.4615 wins=47
2026-08-02 20:30:22 [debug    ] mc_gate.check                  n=50 p95=0.2301 p99=0.2573
2026-08-02 20:30:22 [warning  ] mc_gate.blocked                p99=25.7
2026-08-02 20:30:22 [debug    ] kelly.fraction                 b=1.1688 capped=0.0004 f_half=0.0004 losses=55 p=0.4615 wins=47
2026-08-02 20:30:22 [debug    ] mc_gate.check                  n=50 p95=0.2312 p99=0.2573
2026-08-02 20:30:22 [warning  ] mc_gate.blocked                p99=25.7
2026-08-02 20:30:22 [debug    ] kelly.fraction                 b=1.1688 capped=0.0004 f_half=0.0004 losses=55 p=0.4615 wins=47
2026-08-02 20:30:22 [debug    ] mc_gate.check                  n=50 p95=0.2345 p99=0.2656
2026-08-02 20:30:22 [warning  ] mc_gate.blocked                p99=26.6
2026-08-02 20:30:22 [debug    ] kelly.fraction                 b=1.1688 capped=0.0004 f_half=0.0004 losses=55 p=0.4615 wins=47
2026-08-02 20:30:22 [debug    ] mc_gate.check                  n=50 p95=0.2297 p99=0.258
2026-08-02 20:30:22 [warning  ] mc_gate.blocked                p99=25.8
2026-08-02 20:30:22 [debug    ] kelly.fraction                 b=1.1688 capped=0.0004 f_half=0.0004 losses=55 p=0.4615 wins=47
2026-08-02 20:30:22 [debug    ] mc_gate.check                  n=50 p95=0.2297 p99=0.2595
2026-08-02 20:30:22 [warning  ] mc_gate.blocked                p99=26.0
2026-08-02 20:30:22 [debug    ] kelly.fraction                 b=1.1688 capped=0.0004 f_half=0.0004 losses=55 p=0.4615 wins=47
2026-08-02 20:30:22 [debug    ] mc_gate.check                  n=50 p95=0.228 p99=0.2594
2026-08-02 20:30:22 [warning  ] mc_gate.blocked                p99=25.9
2026-08-02 20:30:22 [debug    ] kelly.fraction                 b=1.1688 capped=0.0004 f_half=0.0004 losses=55 p=0.4615 wins=47
2026-08-02 20:30:22 [debug    ] mc_gate.check                  n=50 p95=0.223 p99=0.2568
2026-08-02 20:30:22 [warning  ] mc_gate.blocked                p99=25.7
2026-08-02 20:30:22 [debug    ] kelly.fraction                 b=1.1688 capped=0.0004 f_half=0.0004 losses=55 p=0.4615 wins=47
2026-08-02 20:30:22 [debug    ] mc_gate.check                  n=50 p95=0.2297 p99=0.2547
2026-08-02 20:30:22 [warning  ] mc_gate.blocked                p99=25.5
2026-08-02 20:30:22 [debug    ] kelly.fraction                 b=1.1688 capped=0.0004 f_half=0.0004 losses=55 p=0.4615 wins=47
2026-08-02 20:30:23 [debug    ] mc_gate.check                  n=50 p95=0.2282 p99=0.2599
2026-08-02 20:30:23 [warning  ] mc_gate.blocked                p99=26.0
2026-08-02 20:30:23 [debug    ] kelly.fraction                 b=1.1688 capped=0.0004 f_half=0.0004 losses=55 p=0.4615 wins=47
2026-08-02 20:30:23 [debug    ] mc_gate.check                  n=50 p95=0.2331 p99=0.2612
2026-08-02 20:30:23 [warning  ] mc_gate.blocked                p99=26.1
2026-08-02 20:30:23 [debug    ] kelly.fraction                 b=1.1688 capped=0.0004 f_half=0.0004 losses=55 p=0.4615 wins=47
2026-08-02 20:30:23 [debug    ] mc_gate.check                  n=50 p95=0.2329 p99=0.2571
2026-08-02 20:30:23 [warning  ] mc_gate.blocked                p99=25.7
2026-08-02 20:30:23 [debug    ] kelly.fraction                 b=1.1688 capped=0.0004 f_half=0.0004 losses=55 p=0.4615 wins=47
2026-08-02 20:30:23 [debug    ] mc_gate.check                  n=50 p95=0.235 p99=0.2704
2026-08-02 20:30:23 [warning  ] mc_gate.blocked                p99=27.0
2026-08-02 20:30:23 [debug    ] kelly.fraction                 b=1.1688 capped=0.0004 f_half=0.0004 losses=55 p=0.4615 wins=47
2026-08-02 20:30:23 [debug    ] mc_gate.check                  n=50 p95=0.2305 p99=0.26
2026-08-02 20:30:23 [warning  ] mc_gate.blocked                p99=26.0
2026-08-02 20:30:23 [debug    ] kelly.fraction                 b=1.1688 capped=0.0004 f_half=0.0004 losses=55 p=0.4615 wins=47
2026-08-02 20:30:23 [debug    ] mc_gate.check                  n=50 p95=0.2272 p99=0.2477
2026-08-02 20:30:23 [info     ] mc_gate.halved                 new_size=0.0002 p95=22.7
2026-08-02 20:30:23 [debug    ] kelly.fraction                 b=1.1446 capped=0.0003 f_half=0.0003 losses=55 p=0.4667 wins=48
2026-08-02 20:30:23 [debug    ] mc_gate.check                  n=50 p95=0.2279 p99=0.2621
2026-08-02 20:30:23 [warning  ] mc_gate.blocked                p99=26.2
2026-08-02 20:30:23 [debug    ] kelly.fraction                 b=1.1446 capped=0.0003 f_half=0.0003 losses=55 p=0.4667 wins=48
2026-08-02 20:30:24 [debug    ] mc_gate.check                  n=50 p95=0.2265 p99=0.2539
2026-08-02 20:30:24 [warning  ] mc_gate.blocked                p99=25.4
2026-08-02 20:30:24 [debug    ] kelly.fraction                 b=1.1446 capped=0.0003 f_half=0.0003 losses=55 p=0.4667 wins=48
2026-08-02 20:30:24 [debug    ] mc_gate.check                  n=50 p95=0.2299 p99=0.2547
2026-08-02 20:30:24 [warning  ] mc_gate.blocked                p99=25.5
2026-08-02 20:30:24 [debug    ] kelly.fraction                 b=1.1446 capped=0.0003 f_half=0.0003 losses=55 p=0.4667 wins=48
2026-08-02 20:30:24 [debug    ] mc_gate.check                  n=50 p95=0.2242 p99=0.2541
2026-08-02 20:30:24 [warning  ] mc_gate.blocked                p99=25.4
2026-08-02 20:30:24 [debug    ] kelly.fraction                 b=1.1446 capped=0.0003 f_half=0.0003 losses=55 p=0.4667 wins=48
2026-08-02 20:30:24 [debug    ] mc_gate.check                  n=50 p95=0.2289 p99=0.2566
2026-08-02 20:30:24 [warning  ] mc_gate.blocked                p99=25.7
2026-08-02 20:30:24 [debug    ] kelly.fraction                 b=1.1446 capped=0.0003 f_half=0.0003 losses=55 p=0.4667 wins=48
2026-08-02 20:30:24 [debug    ] mc_gate.check                  n=50 p95=0.2195 p99=0.2498
2026-08-02 20:30:24 [info     ] mc_gate.halved                 new_size=0.0002 p95=21.9
2026-08-02 20:30:24 [debug    ] kelly.fraction                 b=1.1446 capped=0.0003 f_half=0.0003 losses=55 p=0.4667 wins=48
2026-08-02 20:30:24 [debug    ] mc_gate.check                  n=50 p95=0.2265 p99=0.2567
2026-08-02 20:30:24 [warning  ] mc_gate.blocked                p99=25.7
2026-08-02 20:30:24 [debug    ] kelly.fraction                 b=1.1446 capped=0.0003 f_half=0.0003 losses=55 p=0.4667 wins=48
2026-08-02 20:30:24 [debug    ] mc_gate.check                  n=50 p95=0.2255 p99=0.2574
2026-08-02 20:30:24 [warning  ] mc_gate.blocked                p99=25.7
2026-08-02 20:30:24 [debug    ] kelly.fraction                 b=1.1636 capped=0.0001 f_half=0.0001 losses=56 p=0.4623 wins=48
2026-08-02 20:30:24 [debug    ] mc_gate.check                  n=50 p95=0.2903 p99=0.321
2026-08-02 20:30:24 [warning  ] mc_gate.blocked                p99=32.1
2026-08-02 20:30:24 [debug    ] kelly.fraction                 b=1.1636 capped=0.0001 f_half=0.0001 losses=56 p=0.4623 wins=48
2026-08-02 20:30:25 [debug    ] mc_gate.check                  n=50 p95=0.2998 p99=0.3327
2026-08-02 20:30:25 [warning  ] mc_gate.blocked                p99=33.3
2026-08-02 20:30:25 [debug    ] kelly.fraction                 b=1.1636 capped=0.0001 f_half=0.0001 losses=56 p=0.4623 wins=48
2026-08-02 20:30:25 [debug    ] mc_gate.check                  n=50 p95=0.2945 p99=0.3386
2026-08-02 20:30:25 [warning  ] mc_gate.blocked                p99=33.9
2026-08-02 20:30:25 [debug    ] kelly.fraction                 b=1.1636 capped=0.0001 f_half=0.0001 losses=56 p=0.4623 wins=48
2026-08-02 20:30:25 [debug    ] mc_gate.check                  n=50 p95=0.289 p99=0.3376
2026-08-02 20:30:25 [warning  ] mc_gate.blocked                p99=33.8
2026-08-02 20:30:25 [debug    ] kelly.fraction                 b=1.1636 capped=0.0001 f_half=0.0001 losses=56 p=0.4623 wins=48
2026-08-02 20:30:25 [debug    ] mc_gate.check                  n=50 p95=0.299 p99=0.3341
2026-08-02 20:30:25 [warning  ] mc_gate.blocked                p99=33.4
2026-08-02 20:30:25 [debug    ] kelly.fraction                 b=1.1636 capped=0.0001 f_half=0.0001 losses=56 p=0.4623 wins=48
2026-08-02 20:30:25 [debug    ] mc_gate.check                  n=50 p95=0.292 p99=0.3332
2026-08-02 20:30:25 [warning  ] mc_gate.blocked                p99=33.3
2026-08-02 20:30:25 [debug    ] kelly.fraction                 b=1.1636 capped=0.0001 f_half=0.0001 losses=56 p=0.4623 wins=48
2026-08-02 20:30:25 [debug    ] mc_gate.check                  n=50 p95=0.2944 p99=0.3462
2026-08-02 20:30:25 [warning  ] mc_gate.blocked                p99=34.6
2026-08-02 20:30:25 [debug    ] kelly.fraction                 b=1.1636 capped=0.0001 f_half=0.0001 losses=56 p=0.4623 wins=48
2026-08-02 20:30:25 [debug    ] mc_gate.check                  n=50 p95=0.2919 p99=0.3348
2026-08-02 20:30:25 [warning  ] mc_gate.blocked                p99=33.5
2026-08-02 20:30:25 [debug    ] kelly.fraction                 b=1.1636 capped=0.0001 f_half=0.0001 losses=56 p=0.4623 wins=48
2026-08-02 20:30:25 [debug    ] mc_gate.check                  n=50 p95=0.2948 p99=0.3378
2026-08-02 20:30:25 [warning  ] mc_gate.blocked                p99=33.8
2026-08-02 20:30:25 [debug    ] kelly.fraction                 b=1.1636 capped=0.0001 f_half=0.0001 losses=56 p=0.4623 wins=48
2026-08-02 20:30:25 [debug    ] mc_gate.check                  n=50 p95=0.2924 p99=0.3361
2026-08-02 20:30:25 [warning  ] mc_gate.blocked                p99=33.6
2026-08-02 20:30:25 [debug    ] kelly.fraction                 b=1.1636 capped=0.0001 f_half=0.0001 losses=56 p=0.4623 wins=48
2026-08-02 20:30:26 [debug    ] mc_gate.check                  n=50 p95=0.2943 p99=0.3328
2026-08-02 20:30:26 [warning  ] mc_gate.blocked                p99=33.3
2026-08-02 20:30:26 [debug    ] kelly.fraction                 b=1.1636 capped=0.0001 f_half=0.0001 losses=56 p=0.4623 wins=48
2026-08-02 20:30:26 [debug    ] mc_gate.check                  n=50 p95=0.2918 p99=0.3345
2026-08-02 20:30:26 [warning  ] mc_gate.blocked                p99=33.4
2026-08-02 20:30:26 [debug    ] kelly.fraction                 b=1.1636 capped=0.0001 f_half=0.0001 losses=56 p=0.4623 wins=48
2026-08-02 20:30:26 [debug    ] mc_gate.check                  n=50 p95=0.3016 p99=0.3492
2026-08-02 20:30:26 [warning  ] mc_gate.blocked                p99=34.9
2026-08-02 20:30:26 [debug    ] kelly.fraction                 b=1.1636 capped=0.0001 f_half=0.0001 losses=56 p=0.4623 wins=48
2026-08-02 20:30:26 [debug    ] mc_gate.check                  n=50 p95=0.2971 p99=0.3299
2026-08-02 20:30:26 [warning  ] mc_gate.blocked                p99=33.0
2026-08-02 20:30:26 [debug    ] kelly.fraction                 b=1.1636 capped=0.0001 f_half=0.0001 losses=56 p=0.4623 wins=48
2026-08-02 20:30:26 [debug    ] mc_gate.check                  n=50 p95=0.2914 p99=0.3338
2026-08-02 20:30:26 [warning  ] mc_gate.blocked                p99=33.4
2026-08-02 20:30:26 [debug    ] kelly.fraction                 b=1.1636 capped=0.0001 f_half=0.0001 losses=56 p=0.4623 wins=48
2026-08-02 20:30:26 [debug    ] mc_gate.check                  n=50 p95=0.2953 p99=0.3303
2026-08-02 20:30:26 [warning  ] mc_gate.blocked                p99=33.0
2026-08-02 20:30:26 [debug    ] kelly.fraction                 b=1.1636 capped=0.0001 f_half=0.0001 losses=56 p=0.4623 wins=48
2026-08-02 20:30:26 [debug    ] mc_gate.check                  n=50 p95=0.2953 p99=0.3362
2026-08-02 20:30:26 [warning  ] mc_gate.blocked                p99=33.6
2026-08-02 20:30:26 [debug    ] kelly.fraction                 b=1.1636 capped=0.0001 f_half=0.0001 losses=56 p=0.4623 wins=48
2026-08-02 20:30:26 [debug    ] mc_gate.check                  n=50 p95=0.2881 p99=0.3322
2026-08-02 20:30:26 [warning  ] mc_gate.blocked                p99=33.2
2026-08-02 20:30:26 [debug    ] kelly.fraction                 b=1.1636 capped=0.0001 f_half=0.0001 losses=56 p=0.4623 wins=48
2026-08-02 20:30:27 [debug    ] mc_gate.check                  n=50 p95=0.2967 p99=0.3366
2026-08-02 20:30:27 [warning  ] mc_gate.blocked                p99=33.7
2026-08-02 20:30:27 [debug    ] kelly.fraction                 b=1.1636 capped=0.0001 f_half=0.0001 losses=56 p=0.4623 wins=48
2026-08-02 20:30:27 [debug    ] mc_gate.check                  n=50 p95=0.2977 p99=0.3428
2026-08-02 20:30:27 [warning  ] mc_gate.blocked                p99=34.3
2026-08-02 20:30:27 [debug    ] kelly.fraction                 b=1.1636 capped=0.0001 f_half=0.0001 losses=56 p=0.4623 wins=48
2026-08-02 20:30:27 [debug    ] mc_gate.check                  n=50 p95=0.293 p99=0.3386
2026-08-02 20:30:27 [warning  ] mc_gate.blocked                p99=33.9
2026-08-02 20:30:27 [debug    ] kelly.fraction                 b=1.1636 capped=0.0001 f_half=0.0001 losses=56 p=0.4623 wins=48
2026-08-02 20:30:27 [debug    ] mc_gate.check                  n=50 p95=0.3008 p99=0.3439
2026-08-02 20:30:27 [warning  ] mc_gate.blocked                p99=34.4
2026-08-02 20:30:27 [debug    ] kelly.fraction                 b=1.1636 capped=0.0001 f_half=0.0001 losses=56 p=0.4623 wins=48
2026-08-02 20:30:27 [debug    ] mc_gate.check                  n=50 p95=0.2968 p99=0.3373
2026-08-02 20:30:27 [warning  ] mc_gate.blocked                p99=33.7
2026-08-02 20:30:27 [debug    ] kelly.fraction                 b=1.1636 capped=0.0001 f_half=0.0001 losses=56 p=0.4623 wins=48
2026-08-02 20:30:27 [debug    ] mc_gate.check                  n=50 p95=0.295 p99=0.3359
2026-08-02 20:30:27 [warning  ] mc_gate.blocked                p99=33.6
2026-08-02 20:30:27 [debug    ] kelly.fraction                 b=1.1636 capped=0.0001 f_half=0.0001 losses=56 p=0.4623 wins=48
2026-08-02 20:30:27 [debug    ] mc_gate.check                  n=50 p95=0.2986 p99=0.34
2026-08-02 20:30:27 [warning  ] mc_gate.blocked                p99=34.0
2026-08-02 20:30:27 [debug    ] kelly.fraction                 b=1.1636 capped=0.0001 f_half=0.0001 losses=56 p=0.4623 wins=48
2026-08-02 20:30:27 [debug    ] mc_gate.check                  n=50 p95=0.2977 p99=0.3333
2026-08-02 20:30:27 [warning  ] mc_gate.blocked                p99=33.3
2026-08-02 20:30:27 [debug    ] kelly.fraction                 b=1.1636 capped=0.0001 f_half=0.0001 losses=56 p=0.4623 wins=48
2026-08-02 20:30:27 [debug    ] mc_gate.check                  n=50 p95=0.2905 p99=0.3426
2026-08-02 20:30:27 [warning  ] mc_gate.blocked                p99=34.3
2026-08-02 20:30:27 [debug    ] kelly.fraction                 b=1.1636 capped=0.0001 f_half=0.0001 losses=56 p=0.4623 wins=48
2026-08-02 20:30:28 [debug    ] mc_gate.check                  n=50 p95=0.2916 p99=0.33
2026-08-02 20:30:28 [warning  ] mc_gate.blocked                p99=33.0
2026-08-02 20:30:28 [debug    ] kelly.fraction                 b=1.1636 capped=0.0001 f_half=0.0001 losses=56 p=0.4623 wins=48
2026-08-02 20:30:28 [debug    ] mc_gate.check                  n=50 p95=0.2984 p99=0.3384
2026-08-02 20:30:28 [warning  ] mc_gate.blocked                p99=33.8
2026-08-02 20:30:28 [debug    ] kelly.fraction                 b=1.1636 capped=0.0001 f_half=0.0001 losses=56 p=0.4623 wins=48
2026-08-02 20:30:28 [debug    ] mc_gate.check                  n=50 p95=0.2896 p99=0.3311
2026-08-02 20:30:28 [warning  ] mc_gate.blocked                p99=33.1
2026-08-02 20:30:28 [debug    ] kelly.fraction                 b=1.1636 capped=0.0001 f_half=0.0001 losses=56 p=0.4623 wins=48
2026-08-02 20:30:28 [debug    ] mc_gate.check                  n=50 p95=0.2953 p99=0.3289
2026-08-02 20:30:28 [warning  ] mc_gate.blocked                p99=32.9
2026-08-02 20:30:28 [debug    ] kelly.fraction                 b=1.1636 capped=0.0001 f_half=0.0001 losses=56 p=0.4623 wins=48
2026-08-02 20:30:28 [debug    ] mc_gate.check                  n=50 p95=0.2919 p99=0.336
2026-08-02 20:30:28 [warning  ] mc_gate.blocked                p99=33.6
2026-08-02 20:30:28 [debug    ] kelly.fraction                 b=1.1636 capped=0.0001 f_half=0.0001 losses=56 p=0.4623 wins=48
2026-08-02 20:30:28 [debug    ] mc_gate.check                  n=50 p95=0.2938 p99=0.3368
2026-08-02 20:30:28 [warning  ] mc_gate.blocked                p99=33.7
2026-08-02 20:30:28 [debug    ] kelly.fraction                 b=1.1636 capped=0.0001 f_half=0.0001 losses=56 p=0.4623 wins=48
2026-08-02 20:30:28 [debug    ] mc_gate.check                  n=50 p95=0.2921 p99=0.3396
2026-08-02 20:30:28 [warning  ] mc_gate.blocked                p99=34.0
2026-08-02 20:30:28 [debug    ] kelly.fraction                 b=1.1636 capped=0.0001 f_half=0.0001 losses=56 p=0.4623 wins=48
2026-08-02 20:30:28 [debug    ] mc_gate.check                  n=50 p95=0.2882 p99=0.3259
2026-08-02 20:30:28 [warning  ] mc_gate.blocked                p99=32.6
2026-08-02 20:30:28 [debug    ] kelly.fraction                 b=1.1636 capped=0.0001 f_half=0.0001 losses=56 p=0.4623 wins=48
2026-08-02 20:30:28 [debug    ] mc_gate.check                  n=50 p95=0.2935 p99=0.3269
2026-08-02 20:30:28 [warning  ] mc_gate.blocked                p99=32.7
2026-08-02 20:30:28 [debug    ] kelly.fraction                 b=0.4587 capped=0.0 f_half=0.0 losses=6 p=0.3 wins=2
2026-08-02 20:30:28 [debug    ] kelly.fraction                 b=1.1636 capped=0.0001 f_half=0.0001 losses=56 p=0.4623 wins=48
2026-08-02 20:30:29 [debug    ] mc_gate.check                  n=50 p95=0.29 p99=0.3348
2026-08-02 20:30:29 [warning  ] mc_gate.blocked                p99=33.5
2026-08-02 20:30:29 [debug    ] kelly.fraction                 b=1.1636 capped=0.0001 f_half=0.0001 losses=56 p=0.4623 wins=48
2026-08-02 20:30:29 [debug    ] mc_gate.check                  n=50 p95=0.297 p99=0.3337
2026-08-02 20:30:29 [warning  ] mc_gate.blocked                p99=33.4
2026-08-02 20:30:29 [debug    ] kelly.fraction                 b=1.1636 capped=0.0001 f_half=0.0001 losses=56 p=0.4623 wins=48
2026-08-02 20:30:29 [debug    ] mc_gate.check                  n=50 p95=0.2941 p99=0.3396
2026-08-02 20:30:29 [warning  ] mc_gate.blocked                p99=34.0
2026-08-02 20:30:29 [debug    ] kelly.fraction                 b=1.1636 capped=0.0001 f_half=0.0001 losses=56 p=0.4623 wins=48
2026-08-02 20:30:29 [debug    ] mc_gate.check                  n=50 p95=0.2981 p99=0.3429
2026-08-02 20:30:29 [warning  ] mc_gate.blocked                p99=34.3
2026-08-02 20:30:29 [debug    ] kelly.fraction                 b=1.2506 capped=0.0 f_half=0.0 losses=6 p=0.3636 wins=3
2026-08-02 20:30:29 [debug    ] kelly.fraction                 b=1.1636 capped=0.0001 f_half=0.0001 losses=56 p=0.4623 wins=48
2026-08-02 20:30:29 [debug    ] mc_gate.check                  n=50 p95=0.2954 p99=0.3442
2026-08-02 20:30:29 [warning  ] mc_gate.blocked                p99=34.4
2026-08-02 20:30:29 [debug    ] kelly.fraction                 b=1.1636 capped=0.0001 f_half=0.0001 losses=56 p=0.4623 wins=48
2026-08-02 20:30:29 [debug    ] mc_gate.check                  n=50 p95=0.2935 p99=0.3302
2026-08-02 20:30:29 [warning  ] mc_gate.blocked                p99=33.0
2026-08-02 20:30:29 [debug    ] kelly.fraction                 b=1.2091 capped=0.0 f_half=0.0 losses=6 p=0.4167 wins=4
2026-08-02 20:30:29 [debug    ] mc_gate.check                  n=10 p95=0.3503 p99=0.4106
2026-08-02 20:30:29 [warning  ] mc_gate.blocked                p99=41.1
2026-08-02 20:30:29 [debug    ] kelly.fraction                 b=1.1636 capped=0.0001 f_half=0.0001 losses=56 p=0.4623 wins=48
2026-08-02 20:30:29 [debug    ] mc_gate.check                  n=50 p95=0.296 p99=0.3367
2026-08-02 20:30:29 [warning  ] mc_gate.blocked                p99=33.7
2026-08-02 20:30:29 [debug    ] kelly.fraction                 b=1.1636 capped=0.0001 f_half=0.0001 losses=56 p=0.4623 wins=48
2026-08-02 20:30:29 [debug    ] mc_gate.check                  n=50 p95=0.2924 p99=0.3334
2026-08-02 20:30:29 [warning  ] mc_gate.blocked                p99=33.3
2026-08-02 20:30:29 [debug    ] kelly.fraction                 b=1.1636 capped=0.0001 f_half=0.0001 losses=56 p=0.4623 wins=48
2026-08-02 20:30:30 [debug    ] mc_gate.check                  n=50 p95=0.2965 p99=0.3277
2026-08-02 20:30:30 [warning  ] mc_gate.blocked                p99=32.8
2026-08-02 20:30:30 [debug    ] kelly.fraction                 b=1.1636 capped=0.0001 f_half=0.0001 losses=56 p=0.4623 wins=48
2026-08-02 20:30:30 [debug    ] mc_gate.check                  n=50 p95=0.2929 p99=0.3241
2026-08-02 20:30:30 [warning  ] mc_gate.blocked                p99=32.4
2026-08-02 20:30:30 [debug    ] kelly.fraction                 b=1.2091 capped=0.0 f_half=0.0 losses=6 p=0.4167 wins=4
2026-08-02 20:30:30 [debug    ] mc_gate.check                  n=10 p95=0.36 p99=0.4195
2026-08-02 20:30:30 [warning  ] mc_gate.blocked                p99=41.9
2026-08-02 20:30:30 [debug    ] kelly.fraction                 b=1.1636 capped=0.0001 f_half=0.0001 losses=56 p=0.4623 wins=48
2026-08-02 20:30:30 [debug    ] mc_gate.check                  n=50 p95=0.297 p99=0.3401
2026-08-02 20:30:30 [warning  ] mc_gate.blocked                p99=34.0
2026-08-02 20:30:30 [debug    ] kelly.fraction                 b=1.1636 capped=0.0001 f_half=0.0001 losses=56 p=0.4623 wins=48
2026-08-02 20:30:30 [debug    ] mc_gate.check                  n=50 p95=0.2918 p99=0.3302
2026-08-02 20:30:30 [warning  ] mc_gate.blocked                p99=33.0
2026-08-02 20:30:30 [debug    ] kelly.fraction                 b=1.1636 capped=0.0001 f_half=0.0001 losses=56 p=0.4623 wins=48
2026-08-02 20:30:30 [debug    ] mc_gate.check                  n=50 p95=0.295 p99=0.3398
2026-08-02 20:30:30 [warning  ] mc_gate.blocked                p99=34.0
2026-08-02 20:30:30 [debug    ] kelly.fraction                 b=1.1636 capped=0.0001 f_half=0.0001 losses=56 p=0.4623 wins=48
2026-08-02 20:30:30 [debug    ] mc_gate.check                  n=50 p95=0.294 p99=0.3412
2026-08-02 20:30:30 [warning  ] mc_gate.blocked                p99=34.1
2026-08-02 20:30:30 [debug    ] kelly.fraction                 b=1.1636 capped=0.0001 f_half=0.0001 losses=56 p=0.4623 wins=48
2026-08-02 20:30:30 [debug    ] mc_gate.check                  n=50 p95=0.288 p99=0.3346
2026-08-02 20:30:30 [warning  ] mc_gate.blocked                p99=33.5
2026-08-02 20:30:30 [debug    ] kelly.fraction                 b=1.1636 capped=0.0001 f_half=0.0001 losses=56 p=0.4623 wins=48
2026-08-02 20:30:30 [debug    ] mc_gate.check                  n=50 p95=0.291 p99=0.3271
2026-08-02 20:30:30 [warning  ] mc_gate.blocked                p99=32.7
2026-08-02 20:30:30 [debug    ] kelly.fraction                 b=1.1636 capped=0.0001 f_half=0.0001 losses=56 p=0.4623 wins=48
2026-08-02 20:30:31 [debug    ] mc_gate.check                  n=50 p95=0.3002 p99=0.3461
2026-08-02 20:30:31 [warning  ] mc_gate.blocked                p99=34.6
2026-08-02 20:30:31 [debug    ] kelly.fraction                 b=1.1636 capped=0.0001 f_half=0.0001 losses=56 p=0.4623 wins=48
2026-08-02 20:30:31 [debug    ] mc_gate.check                  n=50 p95=0.294 p99=0.3417
2026-08-02 20:30:31 [warning  ] mc_gate.blocked                p99=34.2
2026-08-02 20:30:31 [debug    ] kelly.fraction                 b=1.1636 capped=0.0001 f_half=0.0001 losses=56 p=0.4623 wins=48
2026-08-02 20:30:31 [debug    ] mc_gate.check                  n=50 p95=0.2938 p99=0.338
2026-08-02 20:30:31 [warning  ] mc_gate.blocked                p99=33.8
2026-08-02 20:30:31 [debug    ] kelly.fraction                 b=1.1636 capped=0.0001 f_half=0.0001 losses=56 p=0.4623 wins=48
2026-08-02 20:30:31 [debug    ] mc_gate.check                  n=50 p95=0.2909 p99=0.3406
2026-08-02 20:30:31 [warning  ] mc_gate.blocked                p99=34.1
2026-08-02 20:30:31 [debug    ] kelly.fraction                 b=1.1636 capped=0.0001 f_half=0.0001 losses=56 p=0.4623 wins=48
2026-08-02 20:30:31 [debug    ] mc_gate.check                  n=50 p95=0.2917 p99=0.3281
2026-08-02 20:30:31 [warning  ] mc_gate.blocked                p99=32.8
2026-08-02 20:30:31 [debug    ] kelly.fraction                 b=1.1636 capped=0.0001 f_half=0.0001 losses=56 p=0.4623 wins=48
2026-08-02 20:30:31 [debug    ] mc_gate.check                  n=50 p95=0.298 p99=0.3383
2026-08-02 20:30:31 [warning  ] mc_gate.blocked                p99=33.8
2026-08-02 20:30:31 [debug    ] kelly.fraction                 b=1.1636 capped=0.0001 f_half=0.0001 losses=56 p=0.4623 wins=48
2026-08-02 20:30:31 [debug    ] mc_gate.check                  n=50 p95=0.2855 p99=0.3283
2026-08-02 20:30:31 [warning  ] mc_gate.blocked                p99=32.8
2026-08-02 20:30:31 [debug    ] kelly.fraction                 b=1.1636 capped=0.0001 f_half=0.0001 losses=56 p=0.4623 wins=48
2026-08-02 20:30:31 [debug    ] mc_gate.check                  n=50 p95=0.2992 p99=0.3452
2026-08-02 20:30:31 [warning  ] mc_gate.blocked                p99=34.5
2026-08-02 20:30:31 [debug    ] kelly.fraction                 b=1.1636 capped=0.0001 f_half=0.0001 losses=56 p=0.4623 wins=48
2026-08-02 20:30:31 [debug    ] mc_gate.check                  n=50 p95=0.2873 p99=0.3223
2026-08-02 20:30:31 [warning  ] mc_gate.blocked                p99=32.2
2026-08-02 20:30:31 [debug    ] kelly.fraction                 b=1.1636 capped=0.0001 f_half=0.0001 losses=56 p=0.4623 wins=48
2026-08-02 20:30:32 [debug    ] mc_gate.check                  n=50 p95=0.2899 p99=0.3349
2026-08-02 20:30:32 [warning  ] mc_gate.blocked                p99=33.5
2026-08-02 20:30:32 [debug    ] kelly.fraction                 b=1.1636 capped=0.0001 f_half=0.0001 losses=56 p=0.4623 wins=48
2026-08-02 20:30:32 [debug    ] mc_gate.check                  n=50 p95=0.2922 p99=0.3306
2026-08-02 20:30:32 [warning  ] mc_gate.blocked                p99=33.1
2026-08-02 20:30:32 [debug    ] kelly.fraction                 b=1.1636 capped=0.0001 f_half=0.0001 losses=56 p=0.4623 wins=48
2026-08-02 20:30:32 [debug    ] mc_gate.check                  n=50 p95=0.2976 p99=0.3434
2026-08-02 20:30:32 [warning  ] mc_gate.blocked                p99=34.3
2026-08-02 20:30:32 [debug    ] kelly.fraction                 b=1.1636 capped=0.0001 f_half=0.0001 losses=56 p=0.4623 wins=48
2026-08-02 20:30:32 [debug    ] mc_gate.check                  n=50 p95=0.2918 p99=0.3293
2026-08-02 20:30:32 [warning  ] mc_gate.blocked                p99=32.9
2026-08-02 20:30:32 [debug    ] kelly.fraction                 b=1.1636 capped=0.0001 f_half=0.0001 losses=56 p=0.4623 wins=48
2026-08-02 20:30:32 [debug    ] mc_gate.check                  n=50 p95=0.286 p99=0.3249
2026-08-02 20:30:32 [warning  ] mc_gate.blocked                p99=32.5
2026-08-02 20:30:32 [debug    ] kelly.fraction                 b=1.1636 capped=0.0001 f_half=0.0001 losses=56 p=0.4623 wins=48
2026-08-02 20:30:32 [debug    ] mc_gate.check                  n=50 p95=0.2977 p99=0.3465
2026-08-02 20:30:32 [warning  ] mc_gate.blocked                p99=34.6
2026-08-02 20:30:32 [debug    ] kelly.fraction                 b=1.1636 capped=0.0001 f_half=0.0001 losses=56 p=0.4623 wins=48
2026-08-02 20:30:32 [debug    ] mc_gate.check                  n=50 p95=0.2948 p99=0.3365
2026-08-02 20:30:32 [warning  ] mc_gate.blocked                p99=33.7
2026-08-02 20:30:32 [debug    ] kelly.fraction                 b=1.1636 capped=0.0001 f_half=0.0001 losses=56 p=0.4623 wins=48
2026-08-02 20:30:32 [debug    ] mc_gate.check                  n=50 p95=0.3039 p99=0.3408
2026-08-02 20:30:32 [warning  ] mc_gate.blocked                p99=34.1
2026-08-02 20:30:32 [debug    ] kelly.fraction                 b=1.1636 capped=0.0001 f_half=0.0001 losses=56 p=0.4623 wins=48
2026-08-02 20:30:32 [debug    ] mc_gate.check                  n=50 p95=0.29 p99=0.3282
2026-08-02 20:30:32 [warning  ] mc_gate.blocked                p99=32.8
2026-08-02 20:30:32 [debug    ] kelly.fraction                 b=1.1636 capped=0.0001 f_half=0.0001 losses=56 p=0.4623 wins=48
2026-08-02 20:30:32 [debug    ] mc_gate.check                  n=50 p95=0.2986 p99=0.348
2026-08-02 20:30:32 [warning  ] mc_gate.blocked                p99=34.8
2026-08-02 20:30:32 [debug    ] kelly.fraction                 b=1.1636 capped=0.0001 f_half=0.0001 losses=56 p=0.4623 wins=48
2026-08-02 20:30:33 [debug    ] mc_gate.check                  n=50 p95=0.2899 p99=0.3322
2026-08-02 20:30:33 [warning  ] mc_gate.blocked                p99=33.2
2026-08-02 20:30:33 [debug    ] kelly.fraction                 b=1.1636 capped=0.0001 f_half=0.0001 losses=56 p=0.4623 wins=48
2026-08-02 20:30:33 [debug    ] mc_gate.check                  n=50 p95=0.2931 p99=0.3388
2026-08-02 20:30:33 [warning  ] mc_gate.blocked                p99=33.9
2026-08-02 20:30:33 [debug    ] kelly.fraction                 b=1.1636 capped=0.0001 f_half=0.0001 losses=56 p=0.4623 wins=48
2026-08-02 20:30:33 [debug    ] mc_gate.check                  n=50 p95=0.2944 p99=0.3269
2026-08-02 20:30:33 [warning  ] mc_gate.blocked                p99=32.7
2026-08-02 20:30:33 [debug    ] kelly.fraction                 b=1.1636 capped=0.0001 f_half=0.0001 losses=56 p=0.4623 wins=48
2026-08-02 20:30:33 [debug    ] mc_gate.check                  n=50 p95=0.2917 p99=0.3304
2026-08-02 20:30:33 [warning  ] mc_gate.blocked                p99=33.0
2026-08-02 20:30:33 [debug    ] kelly.fraction                 b=1.2091 capped=0.0 f_half=0.0 losses=6 p=0.4167 wins=4
2026-08-02 20:30:33 [debug    ] mc_gate.check                  n=10 p95=0.3657 p99=0.4214
2026-08-02 20:30:33 [warning  ] mc_gate.blocked                p99=42.1
2026-08-02 20:30:33 [debug    ] kelly.fraction                 b=1.1636 capped=0.0001 f_half=0.0001 losses=56 p=0.4623 wins=48
2026-08-02 20:30:33 [debug    ] mc_gate.check                  n=50 p95=0.2882 p99=0.3271
2026-08-02 20:30:33 [warning  ] mc_gate.blocked                p99=32.7
2026-08-02 20:30:33 [debug    ] kelly.fraction                 b=1.1636 capped=0.0001 f_half=0.0001 losses=56 p=0.4623 wins=48
2026-08-02 20:30:33 [debug    ] mc_gate.check                  n=50 p95=0.2908 p99=0.3325
2026-08-02 20:30:33 [warning  ] mc_gate.blocked                p99=33.2
2026-08-02 20:30:33 [debug    ] kelly.fraction                 b=1.1636 capped=0.0001 f_half=0.0001 losses=56 p=0.4623 wins=48
2026-08-02 20:30:33 [debug    ] mc_gate.check                  n=50 p95=0.2896 p99=0.3191
2026-08-02 20:30:33 [warning  ] mc_gate.blocked                p99=31.9
2026-08-02 20:30:33 [debug    ] kelly.fraction                 b=1.1636 capped=0.0001 f_half=0.0001 losses=56 p=0.4623 wins=48
2026-08-02 20:30:33 [debug    ] mc_gate.check                  n=50 p95=0.2921 p99=0.326
2026-08-02 20:30:33 [warning  ] mc_gate.blocked                p99=32.6
2026-08-02 20:30:33 [debug    ] kelly.fraction                 b=1.2091 capped=0.0 f_half=0.0 losses=6 p=0.4167 wins=4
2026-08-02 20:30:34 [debug    ] mc_gate.check                  n=10 p95=0.3638 p99=0.4144
2026-08-02 20:30:34 [warning  ] mc_gate.blocked                p99=41.4
2026-08-02 20:30:34 [debug    ] kelly.fraction                 b=1.1636 capped=0.0001 f_half=0.0001 losses=56 p=0.4623 wins=48
2026-08-02 20:30:34 [debug    ] mc_gate.check                  n=50 p95=0.2955 p99=0.3364
2026-08-02 20:30:34 [warning  ] mc_gate.blocked                p99=33.6
2026-08-02 20:30:34 [debug    ] kelly.fraction                 b=1.1636 capped=0.0001 f_half=0.0001 losses=56 p=0.4623 wins=48
2026-08-02 20:30:34 [debug    ] mc_gate.check                  n=50 p95=0.2953 p99=0.3365
2026-08-02 20:30:34 [warning  ] mc_gate.blocked                p99=33.7
2026-08-02 20:30:34 [debug    ] kelly.fraction                 b=1.1636 capped=0.0001 f_half=0.0001 losses=56 p=0.4623 wins=48
2026-08-02 20:30:34 [debug    ] mc_gate.check                  n=50 p95=0.2907 p99=0.3297
2026-08-02 20:30:34 [warning  ] mc_gate.blocked                p99=33.0
2026-08-02 20:30:34 [debug    ] kelly.fraction                 b=1.2091 capped=0.0 f_half=0.0 losses=6 p=0.4167 wins=4
2026-08-02 20:30:34 [debug    ] mc_gate.check                  n=10 p95=0.3663 p99=0.4267
2026-08-02 20:30:34 [warning  ] mc_gate.blocked                p99=42.7
2026-08-02 20:30:34 [debug    ] kelly.fraction                 b=1.1636 capped=0.0001 f_half=0.0001 losses=56 p=0.4623 wins=48
2026-08-02 20:30:34 [debug    ] mc_gate.check                  n=50 p95=0.3003 p99=0.3333
2026-08-02 20:30:34 [warning  ] mc_gate.blocked                p99=33.3
2026-08-02 20:30:34 [debug    ] kelly.fraction                 b=1.1636 capped=0.0001 f_half=0.0001 losses=56 p=0.4623 wins=48
2026-08-02 20:30:34 [debug    ] mc_gate.check                  n=50 p95=0.2921 p99=0.3214
2026-08-02 20:30:34 [warning  ] mc_gate.blocked                p99=32.1
2026-08-02 20:30:34 [debug    ] kelly.fraction                 b=1.1636 capped=0.0001 f_half=0.0001 losses=56 p=0.4623 wins=48
2026-08-02 20:30:34 [debug    ] mc_gate.check                  n=50 p95=0.293 p99=0.3289
2026-08-02 20:30:34 [warning  ] mc_gate.blocked                p99=32.9
2026-08-02 20:30:34 [debug    ] kelly.fraction                 b=1.1636 capped=0.0001 f_half=0.0001 losses=56 p=0.4623 wins=48
2026-08-02 20:30:34 [debug    ] mc_gate.check                  n=50 p95=0.2883 p99=0.3332
2026-08-02 20:30:34 [warning  ] mc_gate.blocked                p99=33.3
2026-08-02 20:30:34 [debug    ] kelly.fraction                 b=1.1636 capped=0.0001 f_half=0.0001 losses=56 p=0.4623 wins=48
2026-08-02 20:30:35 [debug    ] mc_gate.check                  n=50 p95=0.2946 p99=0.3338
2026-08-02 20:30:35 [warning  ] mc_gate.blocked                p99=33.4
2026-08-02 20:30:35 [debug    ] kelly.fraction                 b=1.1636 capped=0.0001 f_half=0.0001 losses=56 p=0.4623 wins=48
2026-08-02 20:30:35 [debug    ] mc_gate.check                  n=50 p95=0.2935 p99=0.3253
2026-08-02 20:30:35 [warning  ] mc_gate.blocked                p99=32.5
2026-08-02 20:30:35 [debug    ] kelly.fraction                 b=1.1636 capped=0.0001 f_half=0.0001 losses=56 p=0.4623 wins=48
2026-08-02 20:30:35 [debug    ] mc_gate.check                  n=50 p95=0.2945 p99=0.3262
2026-08-02 20:30:35 [warning  ] mc_gate.blocked                p99=32.6
2026-08-02 20:30:35 [debug    ] kelly.fraction                 b=1.1636 capped=0.0001 f_half=0.0001 losses=56 p=0.4623 wins=48
2026-08-02 20:30:35 [debug    ] mc_gate.check                  n=50 p95=0.2897 p99=0.3357
2026-08-02 20:30:35 [warning  ] mc_gate.blocked                p99=33.6
2026-08-02 20:30:35 [debug    ] kelly.fraction                 b=1.1636 capped=0.0001 f_half=0.0001 losses=56 p=0.4623 wins=48
2026-08-02 20:30:35 [debug    ] mc_gate.check                  n=50 p95=0.292 p99=0.3426
2026-08-02 20:30:35 [warning  ] mc_gate.blocked                p99=34.3
2026-08-02 20:30:35 [debug    ] kelly.fraction                 b=1.1636 capped=0.0001 f_half=0.0001 losses=56 p=0.4623 wins=48
2026-08-02 20:30:35 [debug    ] mc_gate.check                  n=50 p95=0.2942 p99=0.3351
2026-08-02 20:30:35 [warning  ] mc_gate.blocked                p99=33.5
2026-08-02 20:30:35 [debug    ] kelly.fraction                 b=1.1636 capped=0.0001 f_half=0.0001 losses=56 p=0.4623 wins=48
2026-08-02 20:30:35 [debug    ] mc_gate.check                  n=50 p95=0.2918 p99=0.3292
2026-08-02 20:30:35 [warning  ] mc_gate.blocked                p99=32.9
2026-08-02 20:30:35 [debug    ] kelly.fraction                 b=1.1636 capped=0.0001 f_half=0.0001 losses=56 p=0.4623 wins=48
2026-08-02 20:30:35 [debug    ] mc_gate.check                  n=50 p95=0.2952 p99=0.3355
2026-08-02 20:30:35 [warning  ] mc_gate.blocked                p99=33.5
2026-08-02 20:30:35 [debug    ] kelly.fraction                 b=1.1636 capped=0.0001 f_half=0.0001 losses=56 p=0.4623 wins=48
2026-08-02 20:30:35 [debug    ] mc_gate.check                  n=50 p95=0.2883 p99=0.3341
2026-08-02 20:30:35 [warning  ] mc_gate.blocked                p99=33.4
2026-08-02 20:30:35 [debug    ] kelly.fraction                 b=1.1636 capped=0.0001 f_half=0.0001 losses=56 p=0.4623 wins=48
2026-08-02 20:30:36 [debug    ] mc_gate.check                  n=50 p95=0.2911 p99=0.3296
2026-08-02 20:30:36 [warning  ] mc_gate.blocked                p99=33.0
2026-08-02 20:30:36 [debug    ] kelly.fraction                 b=1.1636 capped=0.0001 f_half=0.0001 losses=56 p=0.4623 wins=48
2026-08-02 20:30:36 [debug    ] mc_gate.check                  n=50 p95=0.2933 p99=0.3279
2026-08-02 20:30:36 [warning  ] mc_gate.blocked                p99=32.8
2026-08-02 20:30:36 [debug    ] kelly.fraction                 b=1.1636 capped=0.0001 f_half=0.0001 losses=56 p=0.4623 wins=48
2026-08-02 20:30:36 [debug    ] mc_gate.check                  n=50 p95=0.2935 p99=0.3313
2026-08-02 20:30:36 [warning  ] mc_gate.blocked                p99=33.1
2026-08-02 20:30:36 [debug    ] kelly.fraction                 b=1.1636 capped=0.0001 f_half=0.0001 losses=56 p=0.4623 wins=48
2026-08-02 20:30:36 [debug    ] mc_gate.check                  n=50 p95=0.2936 p99=0.3313
2026-08-02 20:30:36 [warning  ] mc_gate.blocked                p99=33.1
2026-08-02 20:30:36 [debug    ] kelly.fraction                 b=1.1636 capped=0.0001 f_half=0.0001 losses=56 p=0.4623 wins=48
2026-08-02 20:30:36 [debug    ] mc_gate.check                  n=50 p95=0.2912 p99=0.3327
2026-08-02 20:30:36 [warning  ] mc_gate.blocked                p99=33.3
2026-08-02 20:30:36 [debug    ] kelly.fraction                 b=1.1636 capped=0.0001 f_half=0.0001 losses=56 p=0.4623 wins=48
2026-08-02 20:30:36 [debug    ] mc_gate.check                  n=50 p95=0.2966 p99=0.3362
2026-08-02 20:30:36 [warning  ] mc_gate.blocked                p99=33.6
2026-08-02 20:30:36 [debug    ] kelly.fraction                 b=1.1636 capped=0.0001 f_half=0.0001 losses=56 p=0.4623 wins=48
2026-08-02 20:30:36 [debug    ] mc_gate.check                  n=50 p95=0.2962 p99=0.3359
2026-08-02 20:30:36 [warning  ] mc_gate.blocked                p99=33.6
2026-08-02 20:30:36 [debug    ] kelly.fraction                 b=1.1636 capped=0.0001 f_half=0.0001 losses=56 p=0.4623 wins=48
2026-08-02 20:30:36 [debug    ] mc_gate.check                  n=50 p95=0.2974 p99=0.3379
2026-08-02 20:30:36 [warning  ] mc_gate.blocked                p99=33.8
2026-08-02 20:30:36 [debug    ] kelly.fraction                 b=1.1636 capped=0.0001 f_half=0.0001 losses=56 p=0.4623 wins=48
2026-08-02 20:30:37 [debug    ] mc_gate.check                  n=50 p95=0.2913 p99=0.3386
2026-08-02 20:30:37 [warning  ] mc_gate.blocked                p99=33.9
2026-08-02 20:30:37 [debug    ] kelly.fraction                 b=1.1636 capped=0.0001 f_half=0.0001 losses=56 p=0.4623 wins=48
2026-08-02 20:30:37 [debug    ] mc_gate.check                  n=50 p95=0.2931 p99=0.3303
2026-08-02 20:30:37 [warning  ] mc_gate.blocked                p99=33.0
2026-08-02 20:30:37 [debug    ] kelly.fraction                 b=1.1636 capped=0.0001 f_half=0.0001 losses=56 p=0.4623 wins=48
2026-08-02 20:30:37 [debug    ] mc_gate.check                  n=50 p95=0.2967 p99=0.3381
2026-08-02 20:30:37 [warning  ] mc_gate.blocked                p99=33.8
2026-08-02 20:30:37 [debug    ] kelly.fraction                 b=1.1636 capped=0.0001 f_half=0.0001 losses=56 p=0.4623 wins=48
2026-08-02 20:30:37 [debug    ] mc_gate.check                  n=50 p95=0.2917 p99=0.3272
2026-08-02 20:30:37 [warning  ] mc_gate.blocked                p99=32.7
2026-08-02 20:30:37 [debug    ] kelly.fraction                 b=1.1636 capped=0.0001 f_half=0.0001 losses=56 p=0.4623 wins=48
2026-08-02 20:30:37 [debug    ] mc_gate.check                  n=50 p95=0.2948 p99=0.343
2026-08-02 20:30:37 [warning  ] mc_gate.blocked                p99=34.3
2026-08-02 20:30:37 [debug    ] kelly.fraction                 b=1.1636 capped=0.0001 f_half=0.0001 losses=56 p=0.4623 wins=48
2026-08-02 20:30:37 [debug    ] mc_gate.check                  n=50 p95=0.3005 p99=0.3367
2026-08-02 20:30:37 [warning  ] mc_gate.blocked                p99=33.7
2026-08-02 20:30:37 [debug    ] kelly.fraction                 b=1.1636 capped=0.0001 f_half=0.0001 losses=56 p=0.4623 wins=48
2026-08-02 20:30:37 [debug    ] mc_gate.check                  n=50 p95=0.3028 p99=0.3339
2026-08-02 20:30:37 [warning  ] mc_gate.blocked                p99=33.4
2026-08-02 20:30:37 [debug    ] kelly.fraction                 b=1.1636 capped=0.0001 f_half=0.0001 losses=56 p=0.4623 wins=48
2026-08-02 20:30:37 [debug    ] mc_gate.check                  n=50 p95=0.2927 p99=0.3353
2026-08-02 20:30:37 [warning  ] mc_gate.blocked                p99=33.5
2026-08-02 20:30:37 [debug    ] kelly.fraction                 b=1.1636 capped=0.0001 f_half=0.0001 losses=56 p=0.4623 wins=48
2026-08-02 20:30:37 [debug    ] mc_gate.check                  n=50 p95=0.2896 p99=0.3278
2026-08-02 20:30:37 [warning  ] mc_gate.blocked                p99=32.8
2026-08-02 20:30:37 [debug    ] kelly.fraction                 b=1.1636 capped=0.0001 f_half=0.0001 losses=56 p=0.4623 wins=48
2026-08-02 20:30:38 [debug    ] mc_gate.check                  n=50 p95=0.2929 p99=0.3324
2026-08-02 20:30:38 [warning  ] mc_gate.blocked                p99=33.2
2026-08-02 20:30:38 [debug    ] kelly.fraction                 b=1.1636 capped=0.0001 f_half=0.0001 losses=56 p=0.4623 wins=48
2026-08-02 20:30:38 [debug    ] mc_gate.check                  n=50 p95=0.2925 p99=0.3408
2026-08-02 20:30:38 [warning  ] mc_gate.blocked                p99=34.1
2026-08-02 20:30:38 [debug    ] kelly.fraction                 b=1.1636 capped=0.0001 f_half=0.0001 losses=56 p=0.4623 wins=48
2026-08-02 20:30:38 [debug    ] mc_gate.check                  n=50 p95=0.2874 p99=0.3356
2026-08-02 20:30:38 [warning  ] mc_gate.blocked                p99=33.6
2026-08-02 20:30:38 [debug    ] kelly.fraction                 b=1.1636 capped=0.0001 f_half=0.0001 losses=56 p=0.4623 wins=48
2026-08-02 20:30:38 [debug    ] mc_gate.check                  n=50 p95=0.2962 p99=0.3537
2026-08-02 20:30:38 [warning  ] mc_gate.blocked                p99=35.4
2026-08-02 20:30:38 [debug    ] kelly.fraction                 b=1.1636 capped=0.0001 f_half=0.0001 losses=56 p=0.4623 wins=48
2026-08-02 20:30:38 [debug    ] mc_gate.check                  n=50 p95=0.3008 p99=0.3315
2026-08-02 20:30:38 [warning  ] mc_gate.blocked                p99=33.2
2026-08-02 20:30:38 [debug    ] kelly.fraction                 b=1.1636 capped=0.0001 f_half=0.0001 losses=56 p=0.4623 wins=48
2026-08-02 20:30:38 [debug    ] mc_gate.check                  n=50 p95=0.2953 p99=0.3326
2026-08-02 20:30:38 [warning  ] mc_gate.blocked                p99=33.3
2026-08-02 20:30:38 [debug    ] kelly.fraction                 b=1.1636 capped=0.0001 f_half=0.0001 losses=56 p=0.4623 wins=48
2026-08-02 20:30:38 [debug    ] mc_gate.check                  n=50 p95=0.2957 p99=0.3342
2026-08-02 20:30:38 [warning  ] mc_gate.blocked                p99=33.4
2026-08-02 20:30:38 [debug    ] kelly.fraction                 b=1.1636 capped=0.0001 f_half=0.0001 losses=56 p=0.4623 wins=48
2026-08-02 20:30:38 [debug    ] mc_gate.check                  n=50 p95=0.2989 p99=0.3418
2026-08-02 20:30:38 [warning  ] mc_gate.blocked                p99=34.2
2026-08-02 20:30:38 [debug    ] kelly.fraction                 b=1.1636 capped=0.0001 f_half=0.0001 losses=56 p=0.4623 wins=48
2026-08-02 20:30:38 [debug    ] mc_gate.check                  n=50 p95=0.2944 p99=0.3292
2026-08-02 20:30:38 [warning  ] mc_gate.blocked                p99=32.9
2026-08-02 20:30:38 [debug    ] kelly.fraction                 b=1.1636 capped=0.0001 f_half=0.0001 losses=56 p=0.4623 wins=48
2026-08-02 20:30:39 [debug    ] mc_gate.check                  n=50 p95=0.298 p99=0.335
2026-08-02 20:30:39 [warning  ] mc_gate.blocked                p99=33.5
2026-08-02 20:30:39 [debug    ] kelly.fraction                 b=1.1636 capped=0.0001 f_half=0.0001 losses=56 p=0.4623 wins=48
2026-08-02 20:30:39 [debug    ] mc_gate.check                  n=50 p95=0.2869 p99=0.3296
2026-08-02 20:30:39 [warning  ] mc_gate.blocked                p99=33.0
2026-08-02 20:30:39 [debug    ] kelly.fraction                 b=1.1636 capped=0.0001 f_half=0.0001 losses=56 p=0.4623 wins=48
2026-08-02 20:30:39 [debug    ] mc_gate.check                  n=50 p95=0.2936 p99=0.3444
2026-08-02 20:30:39 [warning  ] mc_gate.blocked                p99=34.4
2026-08-02 20:30:39 [debug    ] kelly.fraction                 b=1.1636 capped=0.0001 f_half=0.0001 losses=56 p=0.4623 wins=48
2026-08-02 20:30:39 [debug    ] mc_gate.check                  n=50 p95=0.3018 p99=0.3368
2026-08-02 20:30:39 [warning  ] mc_gate.blocked                p99=33.7
2026-08-02 20:30:39 [debug    ] kelly.fraction                 b=1.1636 capped=0.0001 f_half=0.0001 losses=56 p=0.4623 wins=48
2026-08-02 20:30:39 [debug    ] mc_gate.check                  n=50 p95=0.2965 p99=0.3289
2026-08-02 20:30:39 [warning  ] mc_gate.blocked                p99=32.9
2026-08-02 20:30:39 [debug    ] kelly.fraction                 b=1.1636 capped=0.0001 f_half=0.0001 losses=56 p=0.4623 wins=48
2026-08-02 20:30:39 [debug    ] mc_gate.check                  n=50 p95=0.2971 p99=0.3362
2026-08-02 20:30:39 [warning  ] mc_gate.blocked                p99=33.6
2026-08-02 20:30:39 [debug    ] kelly.fraction                 b=1.1636 capped=0.0001 f_half=0.0001 losses=56 p=0.4623 wins=48
2026-08-02 20:30:39 [debug    ] mc_gate.check                  n=50 p95=0.2916 p99=0.3315
2026-08-02 20:30:39 [warning  ] mc_gate.blocked                p99=33.1
2026-08-02 20:30:39 [debug    ] kelly.fraction                 b=1.1636 capped=0.0001 f_half=0.0001 losses=56 p=0.4623 wins=48
2026-08-02 20:30:39 [debug    ] mc_gate.check                  n=50 p95=0.2905 p99=0.3428
2026-08-02 20:30:39 [warning  ] mc_gate.blocked                p99=34.3
2026-08-02 20:30:39 [debug    ] kelly.fraction                 b=1.1636 capped=0.0001 f_half=0.0001 losses=56 p=0.4623 wins=48
2026-08-02 20:30:40 [debug    ] mc_gate.check                  n=50 p95=0.2959 p99=0.3379
2026-08-02 20:30:40 [warning  ] mc_gate.blocked                p99=33.8
2026-08-02 20:30:40 [debug    ] kelly.fraction                 b=1.1636 capped=0.0001 f_half=0.0001 losses=56 p=0.4623 wins=48
2026-08-02 20:30:40 [debug    ] mc_gate.check                  n=50 p95=0.2931 p99=0.3343
2026-08-02 20:30:40 [warning  ] mc_gate.blocked                p99=33.4
2026-08-02 20:30:40 [debug    ] kelly.fraction                 b=1.1636 capped=0.0001 f_half=0.0001 losses=56 p=0.4623 wins=48
2026-08-02 20:30:40 [debug    ] mc_gate.check                  n=50 p95=0.2938 p99=0.3402
2026-08-02 20:30:40 [warning  ] mc_gate.blocked                p99=34.0
2026-08-02 20:30:40 [debug    ] kelly.fraction                 b=1.1636 capped=0.0001 f_half=0.0001 losses=56 p=0.4623 wins=48
2026-08-02 20:30:40 [debug    ] mc_gate.check                  n=50 p95=0.2904 p99=0.3188
2026-08-02 20:30:40 [warning  ] mc_gate.blocked                p99=31.9
2026-08-02 20:30:40 [debug    ] kelly.fraction                 b=1.1636 capped=0.0001 f_half=0.0001 losses=56 p=0.4623 wins=48
2026-08-02 20:30:40 [debug    ] mc_gate.check                  n=50 p95=0.2977 p99=0.3444
2026-08-02 20:30:40 [warning  ] mc_gate.blocked                p99=34.4
2026-08-02 20:30:40 [debug    ] kelly.fraction                 b=1.1636 capped=0.0001 f_half=0.0001 losses=56 p=0.4623 wins=48
2026-08-02 20:30:40 [debug    ] mc_gate.check                  n=50 p95=0.2921 p99=0.3432
2026-08-02 20:30:40 [warning  ] mc_gate.blocked                p99=34.3
2026-08-02 20:30:40 [debug    ] kelly.fraction                 b=1.1636 capped=0.0001 f_half=0.0001 losses=56 p=0.4623 wins=48
2026-08-02 20:30:40 [debug    ] mc_gate.check                  n=50 p95=0.2985 p99=0.3483
2026-08-02 20:30:40 [warning  ] mc_gate.blocked                p99=34.8
2026-08-02 20:30:40 [debug    ] kelly.fraction                 b=1.1636 capped=0.0001 f_half=0.0001 losses=56 p=0.4623 wins=48
2026-08-02 20:30:40 [debug    ] mc_gate.check                  n=50 p95=0.2938 p99=0.3275
2026-08-02 20:30:40 [warning  ] mc_gate.blocked                p99=32.7
2026-08-02 20:30:40 [debug    ] kelly.fraction                 b=1.1636 capped=0.0001 f_half=0.0001 losses=56 p=0.4623 wins=48
2026-08-02 20:30:40 [debug    ] mc_gate.check                  n=50 p95=0.2897 p99=0.3221
2026-08-02 20:30:40 [warning  ] mc_gate.blocked                p99=32.2
2026-08-02 20:30:40 [debug    ] kelly.fraction                 b=1.1636 capped=0.0001 f_half=0.0001 losses=56 p=0.4623 wins=48
2026-08-02 20:30:40 [debug    ] mc_gate.check                  n=50 p95=0.2915 p99=0.3279
2026-08-02 20:30:40 [warning  ] mc_gate.blocked                p99=32.8
2026-08-02 20:30:40 [debug    ] kelly.fraction                 b=1.1636 capped=0.0001 f_half=0.0001 losses=56 p=0.4623 wins=48
2026-08-02 20:30:41 [debug    ] mc_gate.check                  n=50 p95=0.2929 p99=0.3429
2026-08-02 20:30:41 [warning  ] mc_gate.blocked                p99=34.3
2026-08-02 20:30:41 [debug    ] kelly.fraction                 b=1.1636 capped=0.0001 f_half=0.0001 losses=56 p=0.4623 wins=48
2026-08-02 20:30:41 [debug    ] mc_gate.check                  n=50 p95=0.2946 p99=0.3314
2026-08-02 20:30:41 [warning  ] mc_gate.blocked                p99=33.1
2026-08-02 20:30:41 [debug    ] kelly.fraction                 b=1.1636 capped=0.0001 f_half=0.0001 losses=56 p=0.4623 wins=48
2026-08-02 20:30:41 [debug    ] mc_gate.check                  n=50 p95=0.2927 p99=0.3338
2026-08-02 20:30:41 [warning  ] mc_gate.blocked                p99=33.4
2026-08-02 20:30:41 [debug    ] kelly.fraction                 b=1.1636 capped=0.0001 f_half=0.0001 losses=56 p=0.4623 wins=48
2026-08-02 20:30:41 [debug    ] mc_gate.check                  n=50 p95=0.2955 p99=0.3362
2026-08-02 20:30:41 [warning  ] mc_gate.blocked                p99=33.6
2026-08-02 20:30:41 [debug    ] kelly.fraction                 b=1.1636 capped=0.0001 f_half=0.0001 losses=56 p=0.4623 wins=48
2026-08-02 20:30:41 [debug    ] mc_gate.check                  n=50 p95=0.2905 p99=0.3305
2026-08-02 20:30:41 [warning  ] mc_gate.blocked                p99=33.0
2026-08-02 20:30:41 [debug    ] kelly.fraction                 b=1.1636 capped=0.0001 f_half=0.0001 losses=56 p=0.4623 wins=48
2026-08-02 20:30:41 [debug    ] mc_gate.check                  n=50 p95=0.2914 p99=0.3381
2026-08-02 20:30:41 [warning  ] mc_gate.blocked                p99=33.8
2026-08-02 20:30:41 [debug    ] kelly.fraction                 b=1.1636 capped=0.0001 f_half=0.0001 losses=56 p=0.4623 wins=48
2026-08-02 20:30:41 [debug    ] mc_gate.check                  n=50 p95=0.2922 p99=0.338
2026-08-02 20:30:41 [warning  ] mc_gate.blocked                p99=33.8
2026-08-02 20:30:41 [debug    ] kelly.fraction                 b=1.1636 capped=0.0001 f_half=0.0001 losses=56 p=0.4623 wins=48
2026-08-02 20:30:41 [debug    ] mc_gate.check                  n=50 p95=0.294 p99=0.3313
2026-08-02 20:30:41 [warning  ] mc_gate.blocked                p99=33.1
2026-08-02 20:30:41 [debug    ] kelly.fraction                 b=1.1636 capped=0.0001 f_half=0.0001 losses=56 p=0.4623 wins=48
2026-08-02 20:30:41 [debug    ] mc_gate.check                  n=50 p95=0.2962 p99=0.3365
2026-08-02 20:30:41 [warning  ] mc_gate.blocked                p99=33.7
2026-08-02 20:30:41 [debug    ] kelly.fraction                 b=1.1636 capped=0.0001 f_half=0.0001 losses=56 p=0.4623 wins=48
2026-08-02 20:30:42 [debug    ] mc_gate.check                  n=50 p95=0.293 p99=0.3419
2026-08-02 20:30:42 [warning  ] mc_gate.blocked                p99=34.2
2026-08-02 20:30:42 [debug    ] kelly.fraction                 b=1.1636 capped=0.0001 f_half=0.0001 losses=56 p=0.4623 wins=48
2026-08-02 20:30:42 [debug    ] mc_gate.check                  n=50 p95=0.2922 p99=0.3266
2026-08-02 20:30:42 [warning  ] mc_gate.blocked                p99=32.7
2026-08-02 20:30:42 [debug    ] kelly.fraction                 b=1.1636 capped=0.0001 f_half=0.0001 losses=56 p=0.4623 wins=48
2026-08-02 20:30:42 [debug    ] mc_gate.check                  n=50 p95=0.2921 p99=0.3339
2026-08-02 20:30:42 [warning  ] mc_gate.blocked                p99=33.4
2026-08-02 20:30:42 [debug    ] kelly.fraction                 b=1.1636 capped=0.0001 f_half=0.0001 losses=56 p=0.4623 wins=48
2026-08-02 20:30:42 [debug    ] mc_gate.check                  n=50 p95=0.3033 p99=0.3509
2026-08-02 20:30:42 [warning  ] mc_gate.blocked                p99=35.1
2026-08-02 20:30:42 [debug    ] kelly.fraction                 b=1.1636 capped=0.0001 f_half=0.0001 losses=56 p=0.4623 wins=48
2026-08-02 20:30:42 [debug    ] mc_gate.check                  n=50 p95=0.2932 p99=0.3282
2026-08-02 20:30:42 [warning  ] mc_gate.blocked                p99=32.8
2026-08-02 20:30:42 [debug    ] kelly.fraction                 b=1.1636 capped=0.0001 f_half=0.0001 losses=56 p=0.4623 wins=48
2026-08-02 20:30:42 [debug    ] mc_gate.check                  n=50 p95=0.2917 p99=0.326
2026-08-02 20:30:42 [warning  ] mc_gate.blocked                p99=32.6
2026-08-02 20:30:42 [debug    ] kelly.fraction                 b=1.1636 capped=0.0001 f_half=0.0001 losses=56 p=0.4623 wins=48
2026-08-02 20:30:42 [debug    ] mc_gate.check                  n=50 p95=0.2969 p99=0.3339
2026-08-02 20:30:42 [warning  ] mc_gate.blocked                p99=33.4
2026-08-02 20:30:42 [debug    ] kelly.fraction                 b=1.1636 capped=0.0001 f_half=0.0001 losses=56 p=0.4623 wins=48
2026-08-02 20:30:42 [debug    ] mc_gate.check                  n=50 p95=0.2949 p99=0.3328
2026-08-02 20:30:42 [warning  ] mc_gate.blocked                p99=33.3
2026-08-02 20:30:42 [debug    ] kelly.fraction                 b=1.1636 capped=0.0001 f_half=0.0001 losses=56 p=0.4623 wins=48
2026-08-02 20:30:42 [debug    ] mc_gate.check                  n=50 p95=0.294 p99=0.3353
2026-08-02 20:30:42 [warning  ] mc_gate.blocked                p99=33.5
2026-08-02 20:30:42 [debug    ] kelly.fraction                 b=1.1636 capped=0.0001 f_half=0.0001 losses=56 p=0.4623 wins=48
2026-08-02 20:30:42 [debug    ] mc_gate.check                  n=50 p95=0.2916 p99=0.3229
2026-08-02 20:30:42 [warning  ] mc_gate.blocked                p99=32.3
2026-08-02 20:30:42 [debug    ] kelly.fraction                 b=1.1636 capped=0.0001 f_half=0.0001 losses=56 p=0.4623 wins=48
2026-08-02 20:30:43 [debug    ] mc_gate.check                  n=50 p95=0.2994 p99=0.3477
2026-08-02 20:30:43 [warning  ] mc_gate.blocked                p99=34.8
2026-08-02 20:30:43 [debug    ] kelly.fraction                 b=1.1636 capped=0.0001 f_half=0.0001 losses=56 p=0.4623 wins=48
2026-08-02 20:30:43 [debug    ] mc_gate.check                  n=50 p95=0.2872 p99=0.3354
2026-08-02 20:30:43 [warning  ] mc_gate.blocked                p99=33.5
2026-08-02 20:30:43 [debug    ] kelly.fraction                 b=1.1636 capped=0.0001 f_half=0.0001 losses=56 p=0.4623 wins=48
2026-08-02 20:30:43 [debug    ] mc_gate.check                  n=50 p95=0.2926 p99=0.3317
2026-08-02 20:30:43 [warning  ] mc_gate.blocked                p99=33.2
2026-08-02 20:30:43 [debug    ] kelly.fraction                 b=1.1636 capped=0.0001 f_half=0.0001 losses=56 p=0.4623 wins=48
2026-08-02 20:30:43 [debug    ] mc_gate.check                  n=50 p95=0.2995 p99=0.344
2026-08-02 20:30:43 [warning  ] mc_gate.blocked                p99=34.4
2026-08-02 20:30:43 [debug    ] kelly.fraction                 b=1.1636 capped=0.0001 f_half=0.0001 losses=56 p=0.4623 wins=48
2026-08-02 20:30:43 [debug    ] mc_gate.check                  n=50 p95=0.2978 p99=0.3522
2026-08-02 20:30:43 [warning  ] mc_gate.blocked                p99=35.2
2026-08-02 20:30:43 [debug    ] kelly.fraction                 b=1.1636 capped=0.0001 f_half=0.0001 losses=56 p=0.4623 wins=48
2026-08-02 20:30:43 [debug    ] mc_gate.check                  n=50 p95=0.2885 p99=0.3276
2026-08-02 20:30:43 [warning  ] mc_gate.blocked                p99=32.8
2026-08-02 20:30:43 [debug    ] kelly.fraction                 b=1.1636 capped=0.0001 f_half=0.0001 losses=56 p=0.4623 wins=48
2026-08-02 20:30:43 [debug    ] mc_gate.check                  n=50 p95=0.3003 p99=0.3462
2026-08-02 20:30:43 [warning  ] mc_gate.blocked                p99=34.6
2026-08-02 20:30:43 [debug    ] kelly.fraction                 b=1.1636 capped=0.0001 f_half=0.0001 losses=56 p=0.4623 wins=48
2026-08-02 20:30:43 [debug    ] mc_gate.check                  n=50 p95=0.2965 p99=0.3354
2026-08-02 20:30:43 [warning  ] mc_gate.blocked                p99=33.5
2026-08-02 20:30:43 [debug    ] kelly.fraction                 b=1.1636 capped=0.0001 f_half=0.0001 losses=56 p=0.4623 wins=48
2026-08-02 20:30:44 [debug    ] mc_gate.check                  n=50 p95=0.2986 p99=0.334
2026-08-02 20:30:44 [warning  ] mc_gate.blocked                p99=33.4
2026-08-02 20:30:44 [debug    ] kelly.fraction                 b=1.1636 capped=0.0001 f_half=0.0001 losses=56 p=0.4623 wins=48
2026-08-02 20:30:44 [debug    ] mc_gate.check                  n=50 p95=0.2877 p99=0.3287
2026-08-02 20:30:44 [warning  ] mc_gate.blocked                p99=32.9
2026-08-02 20:30:44 [debug    ] kelly.fraction                 b=1.1636 capped=0.0001 f_half=0.0001 losses=56 p=0.4623 wins=48
2026-08-02 20:30:44 [debug    ] mc_gate.check                  n=50 p95=0.2975 p99=0.3488
2026-08-02 20:30:44 [warning  ] mc_gate.blocked                p99=34.9
2026-08-02 20:30:44 [debug    ] kelly.fraction                 b=1.1636 capped=0.0001 f_half=0.0001 losses=56 p=0.4623 wins=48
2026-08-02 20:30:44 [debug    ] mc_gate.check                  n=50 p95=0.2968 p99=0.342
2026-08-02 20:30:44 [warning  ] mc_gate.blocked                p99=34.2
2026-08-02 20:30:44 [debug    ] kelly.fraction                 b=1.1636 capped=0.0001 f_half=0.0001 losses=56 p=0.4623 wins=48
2026-08-02 20:30:44 [debug    ] mc_gate.check                  n=50 p95=0.2904 p99=0.3336
2026-08-02 20:30:44 [warning  ] mc_gate.blocked                p99=33.4
2026-08-02 20:30:44 [debug    ] kelly.fraction                 b=1.1636 capped=0.0001 f_half=0.0001 losses=56 p=0.4623 wins=48
2026-08-02 20:30:44 [debug    ] mc_gate.check                  n=50 p95=0.2979 p99=0.3401
2026-08-02 20:30:44 [warning  ] mc_gate.blocked                p99=34.0
2026-08-02 20:30:44 [debug    ] kelly.fraction                 b=1.1636 capped=0.0001 f_half=0.0001 losses=56 p=0.4623 wins=48
2026-08-02 20:30:44 [debug    ] mc_gate.check                  n=50 p95=0.298 p99=0.3314
2026-08-02 20:30:44 [warning  ] mc_gate.blocked                p99=33.1
2026-08-02 20:30:44 [debug    ] kelly.fraction                 b=1.1636 capped=0.0001 f_half=0.0001 losses=56 p=0.4623 wins=48
2026-08-02 20:30:44 [debug    ] mc_gate.check                  n=50 p95=0.2931 p99=0.3352
2026-08-02 20:30:44 [warning  ] mc_gate.blocked                p99=33.5
2026-08-02 20:30:44 [debug    ] kelly.fraction                 b=1.1636 capped=0.0001 f_half=0.0001 losses=56 p=0.4623 wins=48
2026-08-02 20:30:44 [debug    ] mc_gate.check                  n=50 p95=0.2903 p99=0.3407
2026-08-02 20:30:44 [warning  ] mc_gate.blocked                p99=34.1
2026-08-02 20:30:44 [debug    ] kelly.fraction                 b=1.1636 capped=0.0001 f_half=0.0001 losses=56 p=0.4623 wins=48
2026-08-02 20:30:45 [debug    ] mc_gate.check                  n=50 p95=0.2921 p99=0.3298
2026-08-02 20:30:45 [warning  ] mc_gate.blocked                p99=33.0
2026-08-02 20:30:45 [debug    ] kelly.fraction                 b=1.1636 capped=0.0001 f_half=0.0001 losses=56 p=0.4623 wins=48
2026-08-02 20:30:45 [debug    ] mc_gate.check                  n=50 p95=0.2873 p99=0.3238
2026-08-02 20:30:45 [warning  ] mc_gate.blocked                p99=32.4
2026-08-02 20:30:45 [debug    ] kelly.fraction                 b=1.1636 capped=0.0001 f_half=0.0001 losses=56 p=0.4623 wins=48
2026-08-02 20:30:45 [debug    ] mc_gate.check                  n=50 p95=0.2954 p99=0.3397
2026-08-02 20:30:45 [warning  ] mc_gate.blocked                p99=34.0
2026-08-02 20:30:45 [debug    ] kelly.fraction                 b=1.1636 capped=0.0001 f_half=0.0001 losses=56 p=0.4623 wins=48
2026-08-02 20:30:45 [debug    ] mc_gate.check                  n=50 p95=0.2969 p99=0.3421
2026-08-02 20:30:45 [warning  ] mc_gate.blocked                p99=34.2
2026-08-02 20:30:45 [debug    ] kelly.fraction                 b=1.1636 capped=0.0001 f_half=0.0001 losses=56 p=0.4623 wins=48
2026-08-02 20:30:45 [debug    ] mc_gate.check                  n=50 p95=0.2961 p99=0.3349
2026-08-02 20:30:45 [warning  ] mc_gate.blocked                p99=33.5
2026-08-02 20:30:45 [debug    ] kelly.fraction                 b=1.1636 capped=0.0001 f_half=0.0001 losses=56 p=0.4623 wins=48
2026-08-02 20:30:45 [debug    ] mc_gate.check                  n=50 p95=0.2918 p99=0.3264
2026-08-02 20:30:45 [warning  ] mc_gate.blocked                p99=32.6
2026-08-02 20:30:45 [debug    ] kelly.fraction                 b=1.1636 capped=0.0001 f_half=0.0001 losses=56 p=0.4623 wins=48
2026-08-02 20:30:45 [debug    ] mc_gate.check                  n=50 p95=0.2866 p99=0.331
2026-08-02 20:30:45 [warning  ] mc_gate.blocked                p99=33.1
2026-08-02 20:30:45 [debug    ] kelly.fraction                 b=1.1636 capped=0.0001 f_half=0.0001 losses=56 p=0.4623 wins=48
2026-08-02 20:30:45 [debug    ] mc_gate.check                  n=50 p95=0.2884 p99=0.3238
2026-08-02 20:30:45 [warning  ] mc_gate.blocked                p99=32.4
2026-08-02 20:30:45 [debug    ] kelly.fraction                 b=1.1636 capped=0.0001 f_half=0.0001 losses=56 p=0.4623 wins=48
2026-08-02 20:30:45 [debug    ] mc_gate.check                  n=50 p95=0.2972 p99=0.3342
2026-08-02 20:30:45 [warning  ] mc_gate.blocked                p99=33.4
2026-08-02 20:30:45 [debug    ] kelly.fraction                 b=1.1636 capped=0.0001 f_half=0.0001 losses=56 p=0.4623 wins=48
2026-08-02 20:30:46 [debug    ] mc_gate.check                  n=50 p95=0.2914 p99=0.3283
2026-08-02 20:30:46 [warning  ] mc_gate.blocked                p99=32.8
2026-08-02 20:30:46 [debug    ] kelly.fraction                 b=1.1636 capped=0.0001 f_half=0.0001 losses=56 p=0.4623 wins=48
2026-08-02 20:30:46 [debug    ] mc_gate.check                  n=50 p95=0.2928 p99=0.3275
2026-08-02 20:30:46 [warning  ] mc_gate.blocked                p99=32.8
2026-08-02 20:30:46 [debug    ] kelly.fraction                 b=1.1636 capped=0.0001 f_half=0.0001 losses=56 p=0.4623 wins=48
2026-08-02 20:30:46 [debug    ] mc_gate.check                  n=50 p95=0.3015 p99=0.3378
2026-08-02 20:30:46 [warning  ] mc_gate.blocked                p99=33.8
2026-08-02 20:30:46 [debug    ] kelly.fraction                 b=1.1636 capped=0.0001 f_half=0.0001 losses=56 p=0.4623 wins=48
2026-08-02 20:30:46 [debug    ] mc_gate.check                  n=50 p95=0.2925 p99=0.3366
2026-08-02 20:30:46 [warning  ] mc_gate.blocked                p99=33.7
2026-08-02 20:30:46 [debug    ] kelly.fraction                 b=1.1636 capped=0.0001 f_half=0.0001 losses=56 p=0.4623 wins=48
2026-08-02 20:30:46 [debug    ] mc_gate.check                  n=50 p95=0.2982 p99=0.3287
2026-08-02 20:30:46 [warning  ] mc_gate.blocked                p99=32.9
2026-08-02 20:30:46 [debug    ] kelly.fraction                 b=1.1636 capped=0.0001 f_half=0.0001 losses=56 p=0.4623 wins=48
2026-08-02 20:30:46 [debug    ] mc_gate.check                  n=50 p95=0.2956 p99=0.341
2026-08-02 20:30:46 [warning  ] mc_gate.blocked                p99=34.1
2026-08-02 20:30:46 [debug    ] kelly.fraction                 b=1.1636 capped=0.0001 f_half=0.0001 losses=56 p=0.4623 wins=48
2026-08-02 20:30:46 [debug    ] mc_gate.check                  n=50 p95=0.2908 p99=0.3316
2026-08-02 20:30:46 [warning  ] mc_gate.blocked                p99=33.2
2026-08-02 20:30:46 [debug    ] kelly.fraction                 b=1.1636 capped=0.0001 f_half=0.0001 losses=56 p=0.4623 wins=48
2026-08-02 20:30:46 [debug    ] mc_gate.check                  n=50 p95=0.2958 p99=0.3391
2026-08-02 20:30:46 [warning  ] mc_gate.blocked                p99=33.9
2026-08-02 20:30:46 [debug    ] kelly.fraction                 b=1.2091 capped=0.0 f_half=0.0 losses=6 p=0.4167 wins=4
2026-08-02 20:30:46 [debug    ] mc_gate.check                  n=10 p95=0.3554 p99=0.4212
2026-08-02 20:30:46 [warning  ] mc_gate.blocked                p99=42.1
2026-08-02 20:30:46 [debug    ] kelly.fraction                 b=1.2091 capped=0.0 f_half=0.0 losses=6 p=0.4167 wins=4
2026-08-02 20:30:46 [debug    ] mc_gate.check                  n=10 p95=0.3743 p99=0.4211
2026-08-02 20:30:46 [warning  ] mc_gate.blocked                p99=42.1
2026-08-02 20:30:46 [debug    ] kelly.fraction                 b=1.1636 capped=0.0001 f_half=0.0001 losses=56 p=0.4623 wins=48
2026-08-02 20:30:47 [debug    ] mc_gate.check                  n=50 p95=0.2961 p99=0.3383
2026-08-02 20:30:47 [warning  ] mc_gate.blocked                p99=33.8
2026-08-02 20:30:47 [debug    ] kelly.fraction                 b=1.1636 capped=0.0001 f_half=0.0001 losses=56 p=0.4623 wins=48
2026-08-02 20:30:47 [debug    ] mc_gate.check                  n=50 p95=0.2888 p99=0.3251
2026-08-02 20:30:47 [warning  ] mc_gate.blocked                p99=32.5
2026-08-02 20:30:47 [debug    ] kelly.fraction                 b=1.1636 capped=0.0001 f_half=0.0001 losses=56 p=0.4623 wins=48
2026-08-02 20:30:47 [debug    ] mc_gate.check                  n=50 p95=0.296 p99=0.331
2026-08-02 20:30:47 [warning  ] mc_gate.blocked                p99=33.1
2026-08-02 20:30:47 [debug    ] kelly.fraction                 b=1.1636 capped=0.0001 f_half=0.0001 losses=56 p=0.4623 wins=48
2026-08-02 20:30:47 [debug    ] mc_gate.check                  n=50 p95=0.2966 p99=0.3221
2026-08-02 20:30:47 [warning  ] mc_gate.blocked                p99=32.2
2026-08-02 20:30:47 [debug    ] kelly.fraction                 b=1.1636 capped=0.0001 f_half=0.0001 losses=56 p=0.4623 wins=48
2026-08-02 20:30:47 [debug    ] mc_gate.check                  n=50 p95=0.3012 p99=0.345
2026-08-02 20:30:47 [warning  ] mc_gate.blocked                p99=34.5
2026-08-02 20:30:47 [debug    ] kelly.fraction                 b=1.1636 capped=0.0001 f_half=0.0001 losses=56 p=0.4623 wins=48
2026-08-02 20:30:47 [debug    ] mc_gate.check                  n=50 p95=0.2957 p99=0.336
2026-08-02 20:30:47 [warning  ] mc_gate.blocked                p99=33.6
2026-08-02 20:30:47 [debug    ] kelly.fraction                 b=1.1636 capped=0.0001 f_half=0.0001 losses=56 p=0.4623 wins=48
2026-08-02 20:30:47 [debug    ] mc_gate.check                  n=50 p95=0.2896 p99=0.3347
2026-08-02 20:30:47 [warning  ] mc_gate.blocked                p99=33.5
2026-08-02 20:30:47 [debug    ] kelly.fraction                 b=1.1636 capped=0.0001 f_half=0.0001 losses=56 p=0.4623 wins=48
2026-08-02 20:30:47 [debug    ] mc_gate.check                  n=50 p95=0.2961 p99=0.3413
2026-08-02 20:30:47 [warning  ] mc_gate.blocked                p99=34.1
2026-08-02 20:30:47 [debug    ] kelly.fraction                 b=1.1636 capped=0.0001 f_half=0.0001 losses=56 p=0.4623 wins=48
2026-08-02 20:30:47 [debug    ] mc_gate.check                  n=50 p95=0.287 p99=0.3246
2026-08-02 20:30:47 [warning  ] mc_gate.blocked                p99=32.5
2026-08-02 20:30:47 [debug    ] kelly.fraction                 b=1.1636 capped=0.0001 f_half=0.0001 losses=56 p=0.4623 wins=48
2026-08-02 20:30:48 [debug    ] mc_gate.check                  n=50 p95=0.2913 p99=0.339
2026-08-02 20:30:48 [warning  ] mc_gate.blocked                p99=33.9
2026-08-02 20:30:48 [debug    ] kelly.fraction                 b=1.1636 capped=0.0001 f_half=0.0001 losses=56 p=0.4623 wins=48
2026-08-02 20:30:48 [debug    ] mc_gate.check                  n=50 p95=0.2943 p99=0.3345
2026-08-02 20:30:48 [warning  ] mc_gate.blocked                p99=33.4
2026-08-02 20:30:48 [debug    ] kelly.fraction                 b=1.1636 capped=0.0001 f_half=0.0001 losses=56 p=0.4623 wins=48
2026-08-02 20:30:48 [debug    ] mc_gate.check                  n=50 p95=0.2926 p99=0.3355
2026-08-02 20:30:48 [warning  ] mc_gate.blocked                p99=33.6
2026-08-02 20:30:48 [critical ] circuit_breaker.triggered      current=11687.11500668408 drawdown_pct=15.73 peak=13868.990187134666

======================================================================
FULL SHARED-ACCOUNT SIMULATION -- Kargan2 (2 strategies) + New Trading bot (7 strategies)
======================================================================
Starting equity: $9,995.18 (same real 'Kargan 2' Alpaca account, both systems)

Window: 2016-02-05 -> 2026-08-01 (10.5 yrs)
Final equity: $7,035.57
Total return: -29.6%
CAGR: -3.3%
Max drawdown: -50.0%
Sharpe (daily, annualized): -0.18
Circuit breaker tripped: True (peak $13,868.99)

Closed trades: 1224 | Win rate: 42.6% | Total realized PnL: $-3,112.11

strategy                  trades    win%           PnL
------------------------------------------------------
[Kargan2] breakout_hunter     329   59.3%     +4,856.96
[NewBOT] breakout_equity     104   46.2%         -0.20
[NewBOT] equity_swing         10   40.0%        -14.01
[Kargan2] mtf_v2             781   35.2%     -7,954.85

Entries blocked by risk gates: {'mc_gate': 413, 'circuit_breaker': 16249, 'kargan2_max_open': 11}
